"Group","count","cell","group","time","repeats","injectionID","X11_12_DiHETrE","X12_13_DiHODE","X12_13_DiHOME","X12_HHTrE","X14_HDoHE","X19_20_DiHDPA","X5_6_DiHETrE","X8iso_PGA1","X9_10_13_TriHOME","X9_12_13_TriHOME","X9_HODE","CA","DHEA","EPEA","FA22.5_w3","FA22.5_w6","FA22.6_w3","GLCA","HCA","PGE2","PGK2","TCA","TLCA","delta17_6_keto_PGF1a","LPA14.0","LPA16.1","LPA18.1","LPA20.3","LPA20.4","LPA22.6","LPI18.0","LPI18.1","LPS16.0","LPS18.0","LPS18.1","Sphingosine1P16.1","cLPA18.0","cLPA18.1"
"1143c0",1,"HCC1143","Control",0,1,"2505MED_0001_A1",-7.64385618977472,-3.50635266602479,-1.36959452851768,-5.265344566521,-5.7178567712185,-6.96578428466209,-8.38082178394093,-4.92139016530363,4.00934717225925,3.06557231159362,-3.45798964446339,-6.05889368905357,-8.38082178394093,-7.38082178394093,-6.265344566521,-6.64385618977472,0.720716242521131,-2.82623293226329,1.26002565596146,-9.96578428466209,-1.48196850739783,-4.13289427049735,-1.48600402063299,-5.38082178394093,-5.79585928321977,-1.94897599697553,-0.0724827538015237,-4.38082178394093,0.824564212089827,-0.685013514531485,-1.04097178105631,-3.50635266602479,-2.10780328953451,-0.318325858207167,0.681674141792833,-3.64385618977472,-1.74178261046398,-1.83135796444116
"1143c0",2,"HCC1143","Control",0,2,"2505MED_0002_A1",-8.38082178394093,-3.1456053222469,-1.36959452851768,-5.57346686188333,-5.64385618977472,-7.64385618977472,-8.38082178394093,-4.53951952995999,3.96956495837191,2.99457972421575,-3.39592867633114,-5.96578428466209,-8.38082178394093,-7.64385618977472,-5.79585928321977,-6.265344566521,0.811471030529836,-2.66200353648498,0.249748715083569,-10.583471403558,-2.2584251525812,-4.44222232860507,-1.23446525363702,-14.8270822339652,-5.79585928321977,-1.87832144341175,-0.345564459154601,-4.64385618977472,0.689746438493556,-0.680382065799839,-1.48600402063299,-2.66200353648498,-3.1456053222469,0.0565835283663675,0.804879608254673,-3.75633091903314,-1.99424073071132,-1.41503749927884
"1143c0",3,"HCC1143","Control",0,3,"2505MED_0003_A1",-7.64385618977472,-3.47393118833241,-1.30044836747691,-4.83650126771712,-5.7178567712185,-7.96578428466209,-9.96578428466209,-3.79585928321977,3.96772196496736,3.03861176676445,-3.53951952995999,-6.05889368905357,-7.96578428466209,-7.38082178394093,-5.96578428466209,-6.64385618977472,0.762986564880576,-2.50635266602479,0.277389698810864,-11.9128570237992,-1.81603716515741,-4.18442457113743,-1.49005085369569,-5.79585928321977,-5.79585928321977,-2.02326977932285,-0.415037499278844,-5.01158797427521,0.640620928035698,-0.902389203373578,-1.75633091903314,-3,-2.10780328953451,-0.465938397578882,1.07107616201096,-3.87832144341175,-2.1456053222469,-2.0350469470992
"1143c0",4,"HCC1143","Control",0,4,"2505MED_0004_A1",-8.38082178394093,-3.59074485331516,-1.29335894269059,-5.15842936260448,-5.96578428466209,-8.38082178394093,-8.38082178394093,-5.05889368905357,4.00764403087801,3.06695024392463,-3.30757280191029,-5.87832144341175,-8.38082178394093,-7.64385618977472,-5.87832144341175,-6.50635266602479,0.944108799107955,-2.74661576419993,1.39066768555967,-8.96578428466209,-1.34373246520571,-4.21089678249862,-1.35845397091248,-5.64385618977472,-5.79585928321977,-2.05289494843213,-0.163267919540864,-4.7178567712185,0.814755482809874,-0.625934281777462,-1.55639334852439,-2.47393118833241,-3.47393118833241,-0.558516520417355,0.863145542989399,-3.75633091903314,-2,-1.87832144341175
"1143c0",5,"HCC1143","Control",0,5,"2505MED_0005_A1",-7.96578428466209,-3.68038206579984,-1.44614803181887,-5.265344566521,-5.87832144341175,-7.96578428466209,-8.38082178394093,-4.92139016530363,3.8238512419538,2.80240004011484,-3.55639334852439,-6.05889368905357,-8.38082178394093,-7.64385618977472,-6.15842936260448,-6.79585928321977,0.633198686374004,-2.89969509420431,1.10165007609443,-8.96578428466209,-1.92686529536978,-4.41119543298445,-1.60384051092685,-6.79585928321977,-5.64385618977472,-2.20423305221761,-0.49817873457909,-4.96578428466209,0.537047519404657,-0.732164607902385,-1.63039392996816,-3.50635266602479,-2.36587144247496,-0.790858602161408,0.528071164578735,-3.83650126771712,-2.05889368905357,-1.62148837674627
"1143c12",6,"HCC1143","Control",12,1,"2505MED_0006_A1",-7.96578428466209,-3.52284078881336,-1.59074485331516,-5.87832144341175,-4.265344566521,-8.38082178394093,-8.96578428466209,-4.75633091903314,3.9976537136842,2.61353165291793,-4.41119543298445,-6.05889368905357,-6.96578428466209,-7.64385618977472,-6.96578428466209,-6.79585928321977,0.960511710119024,-2.57346686188333,1.30859386858428,-9.96578428466209,-2.17136841831198,-4.38082178394093,-1.40354186044101,-5.05889368905357,-6.79585928321977,-2.84684321193858,-1.61705613043101,-6.50635266602479,-1.43830727860169,-2.92139016530363,-0.3040061868901,-0.785875194647153,-3.47393118833241,-0.104697378666693,0.617298482840846,-4.23786383009889,-1.45798964446339,-0.83650126771712
"1143c12",7,"HCC1143","Control",12,2,"2505MED_0007_A1",-7.64385618977472,-3.26534456652099,-1.45798964446339,-5.50635266602479,-4.75633091903314,-7.38082178394093,-8.96578428466209,-4.50635266602479,4.00225245173138,3.06108492060131,-4.13289427049735,-5.87832144341175,-6.96578428466209,-7.64385618977472,-7.15842936260448,-7.38082178394093,0.848798181244189,-2.76611193982572,1.2606279081267,-8.96578428466209,-1.83135796444116,-4.23786383009889,-1.34373246520571,-5.05889368905357,-6.265344566521,-2.68038206579984,-1.09850554495243,-6.50635266602479,-0.865121945656888,-2.41119543298445,-1.19099722506091,-1.63039392996816,-2.93236128312464,-0.537424111957796,0.523060061795249,-4.01158797427521,-1.612637459164,-1.13923579737117
"1143c12",8,"HCC1143","Control",12,3,"2505MED_0008_A1",-7.38082178394093,-3.0350469470992,-1.52284078881336,-5.7178567712185,-4.01158797427521,-7.96578428466209,-8.96578428466209,-4.87832144341175,4.15825622881134,3.16140401638112,-4.10780328953452,-5.96578428466209,-6.96578428466209,-7.15842936260448,-6.79585928321977,-6.64385618977472,1.10165007609443,-2.96578428466209,0.559736524432983,-12.8659685290254,-2.69899774396719,-4.44222232860507,-1.3621579396759,-4.79585928321977,-6.265344566521,-2.83650126771712,-1.41888982477445,-5.87832144341175,-1.34373246520571,-2.93236128312464,-0.438307278601691,-0.535331732996556,-2.5649048483799,0.173767067736706,1.03068920407114,-4.05889368905357,-1.69432125675771,-1.08314123530025
"1143c12",9,"HCC1143","Control",12,4,"2505MED_0009_A1",-8.38082178394093,-3.42662547355406,-1.57346686188333,-5.64385618977472,-4.57346686188333,-7.38082178394093,-8.96578428466209,-4.53951952995999,4.01765471750833,3.02909945730875,-4.18442457113743,-6.05889368905357,-6.79585928321977,-7.64385618977472,-7.38082178394093,-7.64385618977472,0.762136169901112,-2.66200353648498,1.27798474729977,-7.96578428466209,-1.52284078881336,-4.265344566521,-1.34373246520571,-4.87832144341175,-5.38082178394093,-2.65290132937773,-0.873027143742234,-5.87832144341175,-0.951763814347152,-2.41119543298445,-0.902389203373578,-1.67116353577046,-3.19759995988516,-0.646112163715093,0.356143810225275,-3.94341647163363,-1.56917950348023,-1.46593839757888
"1143c12",10,"HCC1143","Control",12,5,"2505MED_0010_A1",-7.64385618977472,-3.35107444054688,-1.45798964446339,-5.50635266602479,-4.23786383009889,-7.96578428466209,-8.96578428466209,-5.05889368905357,4.24321207392828,3.114367024952,-4.23786383009889,-5.87832144341175,-7.15842936260448,-7.96578428466209,-6.38082178394093,-6.15842936260448,1.43189034828618,-2.63486740654747,1.54052329643822,-8.96578428466209,-2.78587519464715,-4.18442457113743,-1.15200309344505,-4.68038206579984,-6.15842936260448,-2.54793176977619,-1.09541956507868,-6.15842936260448,-0.87038726186953,-2.36587144247496,-0.625934281777462,-1.44222232860507,-2.81603716515741,0.357270475679559,0.973060172804084,-3.89969509420431,-1.20423305221761,-0.619270551496451
"1143c18",11,"HCC1143","Control",18,1,"2505MED_0011_A1",-7.64385618977472,-3.608232280044,-1.70839644196944,-6.05889368905357,-4.21089678249862,-7.64385618977472,-8.96578428466209,-4.608232280044,3.97691347822467,3.21924597851919,-4.57346686188333,-5.96578428466209,-6.96578428466209,-7.64385618977472,-7.64385618977472,-7.96578428466209,0.446785562143122,-2.65290132937773,1.21350281998392,-8.38082178394093,-1.53951952995999,-4.29335894269059,-1.42662547355406,-5.05889368905357,-6.96578428466209,-3.64385618977472,-1.81096617560998,-7.38082178394093,-2.35845397091248,-4.05889368905357,-0.209227962138,-0.746615764199925,-3.55639334852439,-0.00578235259400611,0.965691949224705,-4.35107444054688,-1.51457317282976,-1.46992925777492
"1143c18",12,"HCC1143","Control",18,2,"2505MED_0012_A1",-7.64385618977472,-3.25153876699596,-1.55639334852439,-5.50635266602479,-3.94341647163363,-8.38082178394093,-8.96578428466209,-4.7178567712185,3.98650195414996,2.94035471153329,-4.38082178394093,-5.96578428466209,-6.96578428466209,-7.38082178394093,-7.15842936260448,-6.96578428466209,0.900721927564115,-2.96578428466209,1.37406571822254,-8.38082178394093,-2.68038206579984,-4.08314123530025,-1.21089678249862,-4.92139016530363,-6.38082178394093,-2.92139016530363,-1.27578631324264,-6.64385618977472,-1.72261030118914,-3.42662547355406,-0.181149439104566,-1.07400058144378,-3.23786383009889,-0.0846703239869906,0.801572569463598,-4.13289427049735,-1.399730246491,-0.808437349299244
"1143c18",14,"HCC1143","Control",18,4,"2505MED_0014_A1",-7.96578428466209,-3.36587144247496,-1.46593839757888,-5.57346686188333,-3.47393118833241,-6.96578428466209,-8.38082178394093,-4.7178567712185,4.04553034063498,3.23572705983806,-4.57346686188333,-5.96578428466209,-6.79585928321977,-7.38082178394093,-7.38082178394093,-6.79585928321977,0.874206785877799,-2.2584251525812,1.35727047567956,-7.64385618977472,-1.59074485331516,-4.21089678249862,-1.35107444054688,-5.05889368905357,-5.79585928321977,-2.5649048483799,-0.678071905112638,-5.96578428466209,-0.564904848379903,-2.89969509420431,0.524063675777211,-0.467932447710969,-2.69899774396719,-0.307572801910292,0.889862881365179,-3.68038206579984,-1.31832585820717,-1.20423305221761
"1143c18",15,"HCC1143","Control",18,5,"2505MED_0015_A1",-7.64385618977472,-3.66200353648498,-1.49817873457909,-5.38082178394093,-4.32192809488736,-7.38082178394093,-9.96578428466209,-5.21089678249862,4.05145911327323,2.86967403357451,-4.44222232860507,-5.96578428466209,-7.15842936260448,-7.64385618977472,-7.38082178394093,-7.38082178394093,0.797428082152313,-2.59946207041627,1.29689785770008,-8.38082178394093,-1.200912693926,-4.18442457113743,-1.38835545662634,-5.10780328953452,-6.79585928321977,-2.95455702923883,-1.29689930039584,-6.64385618977472,-1.62593428177746,-3.53951952995999,-0.338250400189295,-1.03800632257974,-2.59946207041627,-0.422752464406849,0.685267406516842,-4.08314123530025,-1.45008444637804,-1.35845397091248
"1143c22",16,"HCC1143","Control",22,1,"2505MED_0016_A1",-7.64385618977472,-3.7178567712185,-1.93236128312464,-6.05889368905357,-4.13289427049735,-7.38082178394093,-13.7284354922689,-4.96578428466209,4.01122725542325,2.605257262939,-4.75633091903314,-6.05889368905357,-6.50635266602479,-7.64385618977472,-8.38082178394093,-7.64385618977472,0.32077347694587,-2.69899774396719,1.35445216057956,-10.927343357274,-3.04692104738749,-4.13289427049735,-1.43050890804128,-5.32192809488736,-7.64385618977472,-3.94341647163363,-2.42662547355406,-6.79585928321977,-3.55639334852439,-5.10780328953452,-0.426625473554056,-0.736965594166206,-2.32915966411844,0.0454429707611671,1.5859239769586,-4.38082178394093,-1.56064282152574,-1.07704103576383
"1143c22",17,"HCC1143","Control",22,2,"2505MED_0017_A1",-7.64385618977472,-3.55639334852439,-1.69432125675771,-6.64385618977472,-4.32192809488736,-7.64385618977472,-9.96578428466209,-4.53951952995999,3.98121334297091,3.12647734018184,-4.35107444054688,-6.05889368905357,-6.79585928321977,-7.96578428466209,-7.64385618977472,-7.96578428466209,0.388465097283154,-2.69899774396719,1.24914190328035,-8.38082178394093,-1.52699243208383,-4.265344566521,-1.32915966411844,-5.15842936260448,-6.79585928321977,-3.45798964446339,-2,-8.38082178394093,-2.63486740654747,-4.0350469470992,-0.535331732996556,-0.98564470702293,-2.68965987938785,-0.367731784500487,0.674460651560259,-4.38082178394093,-1.612637459164,-1.29689930039584
"1143c22",18,"HCC1143","Control",22,3,"2505MED_0018_A1",-7.64385618977472,-3.52284078881336,-1.77595972578207,-6.05889368905357,-4.08314123530025,-7.64385618977472,-9.96578428466209,-4.92139016530363,4.06918658080974,2.91475584967165,-4.68038206579984,-6.05889368905357,-6.38082178394093,-7.64385618977472,-7.96578428466209,-7.96578428466209,0.31150311546827,-2.58207999218803,1.33913738491959,-8.96578428466209,-3.39592867633114,-4.15842936260448,-1.38082178394093,-4.96578428466209,-7.15842936260448,-3.94341647163363,-2.1456053222469,-7.96578428466209,-3.01158797427521,-4.64385618977472,-0.237863830098888,-0.821126041830205,-3.26534456652099,-0.104697378666693,1.02147972741045,-4.50635266602479,-1.55215635563791,-0.948975996975533
"1143c22",19,"HCC1143","Control",22,4,"2505MED_0019_A1",-7.15842936260448,-3.23786383009889,-1.65290132937773,-5.7178567712185,-4.05889368905357,-7.15842936260448,-8.96578428466209,-4.44222232860507,4.06022035831686,3.18792606748963,-4.44222232860507,-6.05889368905357,-6.79585928321977,-7.96578428466209,-8.38082178394093,-7.96578428466209,0.453122446595813,-2.41119543298445,1.37851162325373,-8.38082178394093,-2.36587144247496,-4.29335894269059,-1.21424022557299,-5.01158797427521,-6.79585928321977,-3.45798964446339,-1.8416629728329,-7.64385618977472,-2.58207999218803,-3.81603716515741,-0.550042516371997,-0.388355456626338,-2.81603716515741,-0.129733929604017,0.738119288782576,-4.265344566521,-1.59074485331516,-0.839079811818897
"1143c22",20,"HCC1143","Control",22,5,"2505MED_0020_A1",-11.0634722212137,-10.8506308007392,-1.45798964446339,-5.7178567712185,-3.98850436116217,-7.96578428466209,-8.38082178394093,-4.53951952995999,4.54361960839827,3.12018602753186,-3.66200353648498,-5.87832144341175,-6.38082178394093,-7.64385618977472,-7.15842936260448,-7.64385618977472,1.0621217119078,-2.19759995988516,1.46466826700344,-8.96578428466209,-3.29335894269059,-4.13289427049735,-1.34739878240348,-4.75633091903314,-6.265344566521,-3.30757280191029,-1.86775220170156,-7.64385618977472,-2.69899774396719,-3.98850436116217,-0.0923401721467106,-0.687334826441606,-3.26534456652099,-0.291592016516404,0.726831217032493,-4.21089678249862,-0.352915787371046,-0.962969269055033
"1143m0",21,"HCC1143","Migration",0,1,"2505MED_0021_A1",-7.64385618977472,-3.53951952995999,-1.45798964446339,-5.32192809488736,-5.87832144341175,-8.38082178394093,-8.38082178394093,-5.01158797427521,3.91408609701272,3.24275492207628,-3.22431729826094,-5.96578428466209,-8.96578428466209,-7.64385618977472,-6.265344566521,-6.50635266602479,0.771463058365651,-2.66200353648498,1.32019582126613,-11.2693420254098,-2.68965987938785,-4.41119543298445,-1.32192809488736,-5.32192809488736,-5.57346686188333,-1.8416629728329,-0.231074664436249,-4.41119543298445,0.727702672837238,-0.588573754273535,-1.12973392960402,-2.69899774396719,-2.9105018491609,-0.275786313242642,0.600269753509005,-3.68038206579984,-2.12658049656514,-1.76611193982572
"1143m0",22,"HCC1143","Migration",0,2,"2505MED_0022_A1",-7.96578428466209,-3.49005085369569,-1.38082178394093,-5.265344566521,-6.265344566521,-7.64385618977472,-8.38082178394093,-3.96578428466209,4.22635438748887,3.25776496857139,-3.22431729826094,-6.05889368905357,-8.38082178394093,-7.64385618977472,-6.15842936260448,-6.96578428466209,0.665392771041891,-2.58207999218803,1.32135090142462,-14.0040290457555,-1.43050890804128,-4.23786383009889,-1.49410907027004,-5.38082178394093,-5.32192809488736,-2.22431729826094,-0.246395463720005,-4.83650126771712,0.542010355536609,-0.85464861442738,-0.373327247394007,-1.8520421186129,-12.773604758233,-0.0800879113226919,1.26183165875214,-3.55639334852439,-1.88896868761126,-2.35845397091248
"1143m0",23,"HCC1143","Migration",0,3,"2505MED_0023_A1",-7.64385618977472,-3.15842936260448,-1.51045706435753,-5.64385618977472,-5.96578428466209,-7.96578428466209,-8.38082178394093,-4.83650126771712,3.88313201565728,3.11486671728773,-3.57346686188333,-5.96578428466209,-8.38082178394093,-7.64385618977472,-6.05889368905357,-6.50635266602479,0.689746438493556,-2.70839644196944,1.18966644665005,-9.96578428466209,-2.95455702923883,-4.44222232860507,-1.52699243208383,-6.64385618977472,-6.05889368905357,-2.05889368905357,-0.330973234490369,-4.47393118833241,0.554834395894193,-0.708396441969435,-1.03209362970985,-2.37332724739401,-2.7178567712185,-0.471928835421265,0.62760683812965,-3.94341647163363,-2.38082178394093,-1.62148837674627
"1143m0",24,"HCC1143","Migration",0,4,"2505MED_0024_A1",-8.38082178394093,-3.73696559416621,-1.35845397091248,-5.15842936260448,-5.96578428466209,-7.64385618977472,-7.96578428466209,-4.18442457113743,4.01836711554312,3.1668760924852,-3.33642766458248,-6.05889368905357,-8.38082178394093,-7.38082178394093,-6.05889368905357,-6.64385618977472,0.663572335417523,-2.76611193982572,1.26903314645524,-9.96578428466209,-2.49817873457909,-4.05889368905357,-1.46593839757888,-5.38082178394093,-5.44222232860507,-1.9378782880922,0.018634174139051,-4.38082178394093,0.826192536236601,-0.744197163397282,-0.628162382669579,-2.11403524324603,-3.15842936260448,0.331131922217202,0.835924074254375,-3.68038206579984,-2.01741705307741,-1.8520421186129
"1143m0",25,"HCC1143","Migration",0,5,"2505MED_0025_A1",-7.64385618977472,-3,-1.46992925777492,-5.44222232860507,-5.79585928321977,-8.38082178394093,-8.38082178394093,-4.68038206579984,3.97764627572151,2.7614980445501,-3.32192809488736,-5.96578428466209,-7.96578428466209,-7.64385618977472,-6.15842936260448,-6.38082178394093,0.743299527888257,-2.72737954533701,1.27500704749987,-9.96578428466209,-3.09541956507868,-4.29335894269059,-1.51045706435753,-5.265344566521,-5.79585928321977,-1.87302714374223,-0.403541860441014,-4.79585928321977,0.58014548442338,-0.77595972578207,-1.24127043154214,-2.53115605702536,-2.42662547355406,-0.334607228958109,0.429749850800216,-3.75633091903314,-2.58207999218803,-2.16488438474178
"1143m0",26,"HCC1143","Migration",0,6,"2505MED_0026_A1",-7.64385618977472,-3.38082178394093,-1.34373246520571,-5.265344566521,-5.87832144341175,-8.38082178394093,-8.38082178394093,-4.87832144341175,4.06995989045977,3.23695175858808,-3.36587144247496,-5.96578428466209,-7.96578428466209,-7.64385618977472,-5.7178567712185,-6.50635266602479,0.993493221058416,-2.69899774396719,1.3790663992809,-11.2114722361448,-2.38082178394093,-4.10780328953452,-1.41888982477445,-5.15842936260448,-5.7178567712185,-1.92686529536978,-0.329159664118438,-4.92139016530363,0.58111017522555,-0.790858602161408,-1.38458370273713,-3.02326977932285,-3.05889368905357,-0.373327247394007,0.40381306161659,-3.66200353648498,-2.17788172527066,-1.49817873457909
"1143m12",27,"HCC1143","Migration",12,1,"2505MED_0027_A1",-7.64385618977472,-3.53951952995999,-1.37706964907982,-5.50635266602479,-4.23786383009889,-7.96578428466209,-8.96578428466209,-4.35107444054688,4.16559041117842,3.26768560285999,-4.10780328953452,-5.96578428466209,-6.64385618977472,-8.38082178394093,-6.96578428466209,-7.15842936260448,1.11769504266975,-2.64385618977472,1.37517847958961,-8.96578428466209,-1.38458370273713,-4.05889368905357,-1.41888982477445,-4.92139016530363,-6.50635266602479,-2.75633091903314,-0.849440323424619,-6.96578428466209,-0.852042118612899,-2.41119543298445,-0.150400988848548,-0.599462070416271,-2.38835545662634,-0.496142467422571,0.484395962502666,-4.08314123530025,-1.51457317282976,-1.2584251525812
"1143m12",28,"HCC1143","Migration",12,2,"2505MED_0028_A1",-7.64385618977472,-3.21089678249862,-1.36959452851768,-5.50635266602479,-4.608232280044,-7.64385618977472,-8.96578428466209,-4.47393118833241,3.95642843312336,3.02680005934372,-4.13289427049735,-5.96578428466209,-7.15842936260448,-7.64385618977472,-6.64385618977472,-6.64385618977472,1.05241589415114,-2.8059129478837,1.35388783628491,-8.38082178394093,-1.47393118833241,-4.32192809488736,-1.28630418515664,-5.05889368905357,-5.96578428466209,-2.57346686188333,-0.778432211461591,-6.50635266602479,-0.751465163861321,-2.66200353648498,-1.01158797427521,-1.66657626627481,-4.32192809488736,-0.475936324222789,0.464668267003444,-4.13289427049735,-1.64837167089722,-1.24127043154214
"1143m12",29,"HCC1143","Migration",12,3,"2505MED_0029_A1",-7.64385618977472,-3.36587144247496,-1.51457317282976,-5.50635266602479,-4.21089678249862,-7.96578428466209,-8.96578428466209,-5.15842936260448,4.03905063606509,3.21412480535285,-3.96578428466209,-5.87832144341175,-6.64385618977472,-7.64385618977472,-6.64385618977472,-6.79585928321977,1.20100646605609,-2.67116353577046,1.41142624572647,-8.96578428466209,-2.69899774396719,-4.23786383009889,-1.27928375747887,-5.05889368905357,-6.38082178394093,-2.69899774396719,-1.23107466443625,-6.50635266602479,-1.15200309344505,-2.81603716515741,-0.13764780046798,-0.244685095954902,-3.1456053222469,-0.00723156923107586,0.820485342986379,-4.01158797427521,-1.45403163089471,-0.937878288092203
"1143m12",30,"HCC1143","Migration",12,4,"2505MED_0030_A1",-7.64385618977472,-3.49005085369569,-1.43050890804128,-5.7178567712185,-3.98850436116217,-7.64385618977472,-8.96578428466209,-5.15842936260448,4.16719733386726,3.12697285625777,-3.98850436116217,-5.96578428466209,-6.64385618977472,-7.96578428466209,-7.15842936260448,-6.96578428466209,0.964953052900799,-2.51457317282976,1.34141652447872,-8.96578428466209,-2.34373246520571,-4.29335894269059,-1.36959452851768,-4.68038206579984,-6.50635266602479,-2.88896868761126,-1.34739878240348,-6.38082178394093,-1.14880066140671,-2.61705613043101,-0.380821783940931,-0.50635266602479,-3.96578428466209,-0.321928094887362,0.778208576398088,-3.96578428466209,-1.55215635563791,-0.67116353577046
"1143m12",31,"HCC1143","Migration",12,5,"2505MED_0031_A1",-7.64385618977472,-3.62593428177746,-1.56064282152574,-5.32192809488736,-4.57346686188333,-7.38082178394093,-8.38082178394093,-4.75633091903314,4.01471235152137,2.95828590092326,-4.265344566521,-6.05889368905357,-6.79585928321977,-7.64385618977472,-6.96578428466209,-6.79585928321977,1.01364091066939,-2.92139016530363,1.31730406836191,-8.96578428466209,-1.69432125675771,-4.265344566521,-1.45798964446339,-4.92139016530363,-6.38082178394093,-2.43440282414578,-0.778432211461591,-6.15842936260448,-0.83650126771712,-2.23107466443625,-0.948975996975533,-2.09541956507868,-2.59074485331516,0.094911647025467,1.22774107583913,-4.23786383009889,-1.0439433475876,-0.675765437729469
"1143m12",32,"HCC1143","Migration",12,6,"2505MED_0032_A1",-7.64385618977472,-3.55639334852439,-1.53115605702536,-5.50635266602479,-4.44222232860507,-7.38082178394093,-8.96578428466209,-3.98850436116217,4.05337204092208,2.63737839487229,-4.35107444054688,-6.05889368905357,-6.96578428466209,-7.96578428466209,-7.15842936260448,-7.64385618977472,0.831877241191673,-2.53951952995999,1.51146803927587,-8.96578428466209,-1.8211260418302,-4.18442457113743,-1.25497785096274,-5.05889368905357,-6.38082178394093,-2.86775220170156,-1.17788172527066,-6.38082178394093,-1.07704103576383,-2.85725982788392,-0.722610301189136,-0.932361283124637,-3.01158797427521,-0.325539348439741,0.994941710176971,-4.10780328953452,-1.64385618977472,-1.53533173299656
"1143m18",33,"HCC1143","Migration",18,1,"2505MED_0033_A1",-7.64385618977472,-3.42662547355406,-1.57776699931695,-5.79585928321977,-4.265344566521,-7.38082178394093,-11.6089184423921,-4.47393118833241,3.93743855977148,2.6144742828377,-4.44222232860507,-6.05889368905357,-6.38082178394093,-7.15842936260448,-7.96578428466209,-8.38082178394093,0.366252263699564,-2.75633091903314,1.31150311546827,-7.96578428466209,-2.40354186044101,-4.21089678249862,-1.46195854666634,-4.87832144341175,-6.265344566521,-3.23786383009889,-1.81603716515741,-6.96578428466209,-2.16488438474178,-3.87832144341175,-0.918660372548061,-1.75146516386132,-3.85725982788392,-1.0862010350493,0.336854639125465,-4.41119543298445,-1.59509687785487,-1.41503749927884
"1143m18",34,"HCC1143","Migration",18,2,"2505MED_0034_A1",-7.96578428466209,-3.50635266602479,-1.48600402063299,-5.64385618977472,-4.44222232860507,-6.79585928321977,-8.96578428466209,-4.50635266602479,4.02538322147792,3.17392693199981,-4.35107444054688,-5.96578428466209,-6.38082178394093,-7.96578428466209,-6.96578428466209,-7.38082178394093,0.977463111239467,-2.52284078881336,1.49978212014731,-8.38082178394093,-1.69899774396719,-4.10780328953452,-1.31832585820717,-5.05889368905357,-6.50635266602479,-3.45798964446339,-0.988504361162171,-5.64385618977472,-1.17136841831198,-3.47393118833241,-0.461958546666336,-1.51457317282976,-2.37332724739401,0.155749232677945,1.27738969881086,-3.98850436116217,-1.13289427049735,-1.2276920250416
"1143m18",35,"HCC1143","Migration",18,3,"2505MED_0035_A1",-7.64385618977472,-3.26534456652099,-1.63039392996816,-5.96578428466209,-3.98850436116217,-7.96578428466209,-6.96578428466209,-5.57346686188333,4.02927618237063,3.22712493444993,-4.47393118833241,-5.96578428466209,-6.64385618977472,-7.64385618977472,-7.64385618977472,-7.64385618977472,0.418999465431266,-2.68965987938785,1.35839626195665,-8.96578428466209,-2.38835545662634,-4.265344566521,-1.31832585820717,-5.05889368905357,-6.64385618977472,-3.22431729826094,-1.75633091903314,-7.38082178394093,-2.05289494843213,-3.62593428177746,-0.490050853695689,-1.08926733809709,-3.01158797427521,-0.227692025041597,1.03068920407114,-4.18442457113743,-1.54793176977619,-0.813499442355505
"1143m18",36,"HCC1143","Migration",18,4,"2505MED_0036_A1",-7.38082178394093,-3.73696559416621,-1.76121314041288,-5.79585928321977,-4.265344566521,-7.38082178394093,-9.96578428466209,-4.47393118833241,3.92931759491176,2.92276872291713,-4.47393118833241,-6.05889368905357,-6.38082178394093,-7.38082178394093,-7.38082178394093,-7.64385618977472,0.592636428606577,-2.61705613043101,1.28273632027634,-7.64385618977472,-1.57346686188333,-4.18442457113743,-1.51457317282976,-4.92139016530363,-5.79585928321977,-2.97709959788992,-1.34739878240348,-7.15842936260448,-1.66200353648498,-3.41119543298445,-0.533242384273829,-1.47393118833241,-11.6793570309163,-1.0350469470992,0.655351828612554,-4.265344566521,-1.59946207041627,-1.59509687785487
"1143m18",37,"HCC1143","Migration",18,5,"2505MED_0037_A1",-7.96578428466209,-3.32192809488736,-1.59074485331516,-5.7178567712185,-4.08314123530025,-8.38082178394093,-8.96578428466209,-4.68038206579984,4.08797193790006,2.90033550864098,-4.44222232860507,-5.96578428466209,-6.64385618977472,-7.96578428466209,-7.38082178394093,-7.15842936260448,0.82781902461732,-2.23107466443625,1.32768736417605,-8.96578428466209,-3.02326977932285,-4.21089678249862,-1.35107444054688,-4.75633091903314,-6.15842936260448,-2.8059129478837,-1.18114943910457,-6.38082178394093,-1.50635266602479,-3.1456053222469,-0.584241333477502,-1.43830727860169,-2.98850436116217,0.0229004021100788,0.900721927564115,-4.05889368905357,-1.2688167584278,-0.954557029238833
"1143m18",38,"HCC1143","Migration",18,6,"2505MED_0038_A1",-7.64385618977472,-3.42662547355406,-1.52284078881336,-5.38082178394093,-4.05889368905357,-7.38082178394093,-9.96578428466209,-5.15842936260448,4.17600355700892,3.15007219725299,-4.38082178394093,-5.96578428466209,-6.265344566521,-7.38082178394093,-7.64385618977472,-7.64385618977472,0.711054321812066,-2.53115605702536,1.4425454561053,-8.96578428466209,-2.93236128312464,-4.23786383009889,-1.27928375747887,-5.10780328953452,-6.64385618977472,-3.1456053222469,-1.63039392996816,-7.15842936260448,-2.13923579737117,-3.79585928321977,-0.236163541109049,-0.558516520417355,-3.05889368905357,-0.00868224309980088,1.21288056634438,-4.10780328953452,-1.72261030118914,-0.997117491466879
"1143m22",39,"HCC1143","Migration",22,1,"2505MED_0039_A1",-7.38082178394093,-3.1456053222469,-1.79085860216141,-5.79585928321977,-4.0350469470992,-7.64385618977472,-8.96578428466209,-5.05889368905357,3.86641348112345,2.73292038210826,-4.44222232860507,-6.05889368905357,-6.05889368905357,-7.64385618977472,-7.64385618977472,-7.38082178394093,0.541019153133559,-2.44222232860507,1.22835695420105,-8.96578428466209,-2.70839644196944,-4.38082178394093,-1.54793176977619,-4.38082178394093,-7.15842936260448,-3.73696559416621,-2.15842936260448,-8.96578428466209,-3.02326977932285,-4.68038206579984,-0.403541860441014,-0.524915117051217,-2.82623293226329,-0.265344566520995,0.732052073300289,-4.53951952995999,-1.67116353577046,-1.13923579737117
"1143m22",40,"HCC1143","Migration",22,2,"2505MED_0040_A1",-7.64385618977472,-3.1456053222469,-1.58207999218803,-5.7178567712185,-4.21089678249862,-7.15842936260448,-8.96578428466209,-4.68038206579984,4.09246117311886,3.17360718575717,-4.23786383009889,-6.05889368905357,-6.05889368905357,-7.64385618977472,-7.38082178394093,-7.38082178394093,0.871843648509318,-2.49817873457909,1.31208426151475,-7.96578428466209,-1.56064282152574,-4.01158797427521,-1.39592867633114,-5.32192809488736,-6.79585928321977,-3.25153876699596,-1.63486740654747,-7.96578428466209,-2.31473259348316,-4.23786383009889,-0.390245037827557,-0.932361283124637,-2.53951952995999,-0.0923401721467106,1.04823618565285,-4.38082178394093,-1.67116353577046,-1.22095044716254
"1143m22",41,"HCC1143","Migration",22,3,"2505MED_0041_A1",-8.38082178394093,-3.33642766458248,-1.71311885221184,-5.79585928321977,-3.96578428466209,-7.96578428466209,-9.96578428466209,-4.608232280044,4.09356017616234,2.84538968605923,-4.7178567712185,-6.05889368905357,-5.96578428466209,-7.64385618977472,-7.96578428466209,-8.38082178394093,0.527070335512661,-2.54793176977619,1.23388806017428,-8.96578428466209,-2.68038206579984,-4.35107444054688,-1.40354186044101,-5.05889368905357,-6.79585928321977,-3.57346686188333,-2,-7.64385618977472,-3.01158797427521,-4.57346686188333,-0.101598140007807,-0.270555993166337,-3.04692104738749,-0.267079617891743,0.926758531986465,-4.38082178394093,-1.612637459164,-1.08314123530025
"1143m22",42,"HCC1143","Migration",22,4,"2505MED_0042_A1",-7.96578428466209,-3.64385618977472,-1.53951952995999,-5.44222232860507,-5.87832144341175,-8.38082178394093,-8.96578428466209,-4.96578428466209,3.71710060088314,2.60691594182521,-3.59074485331516,-6.15842936260448,-8.38082178394093,-7.96578428466209,-6.05889368905357,-6.79585928321977,0.611644543373662,-2.68965987938785,1.09356017616234,-9.96578428466209,-2.50635266602479,-4.47393118833241,-1.66657626627481,-5.57346686188333,-6.96578428466209,-3.59074485331516,-1.86249647625006,-7.38082178394093,-2.79585928321977,-4.0350469470992,0.00863030514344006,-0.352915787371046,-3.26534456652099,-0.186064929518683,0.776525151421912,-4.35107444054688,-1.70368943929191,-0.946193556304206
"1143m22",43,"HCC1143","Migration",22,5,"2505MED_0043_A1",-7.96578428466209,-3.32192809488736,-1.608232280044,-5.79585928321977,-4.21089678249862,-7.15842936260448,-8.96578428466209,-4.53951952995999,4.0678968095516,3.04001567884788,-4.32192809488736,-6.05889368905357,-6.64385618977472,-7.64385618977472,-7.38082178394093,-7.96578428466209,0.473007567916174,-2.62593428177746,1.38239058287347,-8.38082178394093,-1.3621579396759,-4.15842936260448,-1.3621579396759,-5.265344566521,-6.79585928321977,-3.32192809488736,-1.50635266602479,-7.64385618977472,-2.17788172527066,-4.01158797427521,-0.41119543298445,-1.48196850739783,-3.15842936260448,0.233888060174277,1.114367024952,-4.44222232860507,-1.56917950348023,-1.3621579396759
"1143m22",44,"HCC1143","Migration",22,6,"2505MED_0044_A1",-7.38082178394093,-3.87832144341175,-1.90508835297453,-5.7178567712185,-4.38082178394093,-7.38082178394093,-8.96578428466209,-5.15842936260448,3.99448921353214,3.03896287288467,-4.68038206579984,-5.96578428466209,-6.265344566521,-7.38082178394093,-7.96578428466209,-7.96578428466209,0.366252263699564,-2.46593839757888,1.36793014143188,-8.38082178394093,-1.21424022557299,-4.265344566521,-1.38082178394093,-6.50635266602479,-7.15842936260448,-3.83650126771712,-1.82623293226329,-7.96578428466209,-2.92139016530363,-4.18442457113743,-0.2688167584278,-0.85464861442738,-3.29335894269059,-0.219269963523624,1.08406426478847,-4.608232280044,-1.96015973546821,-1.75146516386132
"38c0",45,"HCC38","Control",0,1,"2505MED_0045_A1",-8.38082178394093,-3.49005085369569,-1.32192809488736,-5.265344566521,-5.87832144341175,-8.38082178394093,-8.96578428466209,-5.15842936260448,3.99512266910363,2.96162332828694,-3.33642766458248,-5.96578428466209,-7.96578428466209,-7.64385618977472,-5.7178567712185,-6.50635266602479,0.793271654498083,-2.84684321193858,1.30801131455218,-8.96578428466209,-2.36587144247496,-4.29335894269059,-1.3621579396759,-11.6040557708071,-5.87832144341175,-2.1456053222469,-0.63262893435147,-4.96578428466209,0.372952097911829,-0.997117491466879,-1.23107466443625,-1.8211260418302,-3.04692104738749,-0.129733929604017,0.521050736900963,-3.66200353648498,-2.2446850959549,-1.77102743023984
"38c0",46,"HCC38","Control",0,2,"2505MED_0046_A1",-8.38082178394093,-3.66200353648498,-1.45403163089471,-5.265344566521,-6.05889368905357,-7.96578428466209,-8.96578428466209,-5.57346686188333,3.86542397831313,2.47508488294878,-3.50635266602479,-6.265344566521,-8.38082178394093,-7.38082178394093,-5.96578428466209,-6.50635266602479,0.784922701562861,-2.59946207041627,1.15962918582123,-9.96578428466209,-2.39592867633114,-4.29335894269059,-1.63935479753978,-4.64385618977472,-6.15842936260448,-2.32192809488736,-0.778432211461591,-5.01158797427521,0.209141397838592,-1.05589120089205,-1.32553934843974,-2.87832144341175,-3.23786383009889,-0.217591435072627,0.931304843650669,-3.73696559416621,-2.55639334852439,-1.66657626627481
"38c0",47,"HCC38","Control",0,3,"2505MED_0047_A1",-7.96578428466209,-3.41119543298445,-1.35475948735473,-5.15842936260448,-5.64385618977472,-7.64385618977472,-8.96578428466209,-5.05889368905357,4.05883598009775,2.63110428236588,-3.32192809488736,-6.05889368905357,-8.96578428466209,-7.96578428466209,-5.96578428466209,-6.38082178394093,0.82130203988953,-2.88896868761126,1.37573453858316,-11.8898895034952,-2.47393118833241,-4.35107444054688,-1.39213709716876,-4.7178567712185,-6.05889368905357,-2.04097178105631,-0.44418384493836,-5.05889368905357,0.376290383337052,-0.87038726186953,-1.28982725172034,-2.26534456652099,-3.04692104738749,-0.275786313242642,0.640620928035698,-3.62593428177746,-2.48196850739783,-1.8059129478837
"38c0",48,"HCC38","Control",0,4,"2505MED_0048_A1",-7.96578428466209,-3.68038206579984,-1.42662547355406,-5.01158797427521,-6.05889368905357,-7.96578428466209,-8.96578428466209,-4.50635266602479,3.99702136870765,2.77167433390837,-3.53951952995999,-6.05889368905357,-7.96578428466209,-8.38082178394093,-6.05889368905357,-6.64385618977472,0.646162657157894,-2.39592867633114,1.387362540836,-9.96578428466209,-1.35475948735473,-4.32192809488736,-1.40736357139342,-5.50635266602479,-5.96578428466209,-1.97709959788992,-0.426625473554056,-5.21089678249862,0.711935356978922,-1.01741705307741,-1.44222232860507,-3.53951952995999,-4.35107444054688,-1.06793882865658,0.540027269257507,-3.85725982788392,-1.79085860216141,-1.94897599697553
"38c0",49,"HCC38","Control",0,5,"2505MED_0049_A1",-7.96578428466209,-3.89969509420431,-1.35475948735473,-5.265344566521,-6.265344566521,-7.96578428466209,-8.96578428466209,-10.6964122977451,3.96993327469786,3.08270258933025,-3.39592867633114,-6.15842936260448,-8.38082178394093,-7.96578428466209,-6.265344566521,-6.79585928321977,0.75702324650746,-2.68038206579984,1.25459404303314,-16.6651240597521,-2.73696559416621,-4.21089678249862,-1.47393118833241,-5.87832144341175,-5.96578428466209,-2.49005085369569,-0.514573172829758,-5.01158797427521,0.485426827170242,-0.974262438586392,-1.43440282414577,-3.35107444054688,-3.12029423371771,-0.680382065799839,0.711054321812066,-3.69899774396719,-2.46593839757888,-2.00578235259401
"38c12",50,"HCC38","Control",12,1,"2505MED_0050_A1",-7.96578428466209,-3.73696559416621,-1.61705613043101,-6.64385618977472,-4.13289427049735,-8.38082178394093,-8.96578428466209,-4.68038206579984,3.76691313440974,2.79035501371084,-4.57346686188333,-6.265344566521,-6.79585928321977,-7.96578428466209,-8.96578428466209,-8.96578428466209,-1.31473259348316,-2.53115605702536,0.252173413202027,-7.15842936260448,-2.48196850739783,-4.47393118833241,-1.49817873457909,-5.21089678249862,-7.38082178394093,-3.52284078881336,-2.09541956507868,-7.64385618977472,-2.06491747668134,-3.92139016530363,-0.655171503002559,-0.921390165303633,-4.15842936260448,-0.833927324053294,-1.43440282414577,-4.13289427049735,-4.15842936260448,-4.0350469470992
"38c12",51,"HCC38","Control",12,2,"2505MED_0051_A1",-7.64385618977472,-3.53951952995999,-1.64385618977472,-6.50635266602479,-4.05889368905357,-7.64385618977472,-9.96578428466209,-5.265344566521,3.852098743282,2.69398867721952,-4.608232280044,-6.15842936260448,-6.38082178394093,-7.64385618977472,-8.96578428466209,-9.96578428466209,-1.41503749927884,-2.75633091903314,1.13290581201151,-7.38082178394093,-2.97709959788992,-4.38082178394093,-1.36959452851768,-5.05889368905357,-7.64385618977472,-3.75633091903314,-2.30044836747691,-7.38082178394093,-2.27229732716276,-3.79585928321977,-0.461958546666336,-1.02034044828418,-2.59946207041627,-0.72499295250013,-1.19099722506091,-4.10780328953452,-4.23786383009889,-3.57346686188333
"38c12",52,"HCC38","Control",12,3,"2505MED_0052_A1",-7.38082178394093,-3.42662547355406,-1.52284078881336,-5.96578428466209,-4.08314123530025,-7.96578428466209,-8.96578428466209,-4.83650126771712,3.89685307289671,2.7982579326445,-4.265344566521,-5.96578428466209,-6.50635266602479,-7.96578428466209,-8.96578428466209,-8.96578428466209,-0.800877357986399,-2.68038206579984,1.17248751551013,-7.15842936260448,-3.0350469470992,-4.44222232860507,-1.38458370273713,-4.96578428466209,-7.15842936260448,-3.25153876699596,-2.23786383009889,-7.96578428466209,-1.9105018491609,-3.29335894269059,-0.450084446378045,-1.17462139610707,-3.0350469470992,-1.23786383009889,-1.28630418515664,-4.13289427049735,-3.38082178394093,-4.01158797427521
"38c12",53,"HCC38","Control",12,4,"2505MED_0053_A1",-12.2114025414141,-3.13289427049735,-1.40736357139342,-6.64385618977472,-4.13289427049735,-7.96578428466209,-8.96578428466209,-4.44222232860507,3.9061209529971,2.91609442293836,-4.23786383009889,-6.05889368905357,-6.38082178394093,-7.64385618977472,-8.96578428466209,-9.96578428466209,-1.22095044716254,-2.82623293226329,1.40490312214513,-7.38082178394093,-2.77595972578207,-4.21089678249862,-1.45008444637804,-5.05889368905357,-7.15842936260448,-3.59074485331516,-2.35107444054688,-6.96578428466209,-2.13923579737117,-3.77595972578207,-0.783389931257558,-1.29335894269059,-2.51457317282976,-0.57132159005177,-0.766111939825723,-4.05889368905357,-4.0350469470992,-3.44222232860507
"38c12",54,"HCC38","Control",12,5,"2505MED_0054_A1",-7.15842936260448,-3.07096652135414,-1.3621579396759,-6.265344566521,-3.89969509420431,-7.96578428466209,-9.96578428466209,-5.265344566521,4.05788344889963,2.97563018628082,-3.87832144341175,-5.87832144341175,-6.64385618977472,-7.96578428466209,-8.96578428466209,-8.96578428466209,-0.979942347658747,-2.50635266602479,1.41953889151378,-6.79585928321977,-2.29335894269059,-4.23786383009889,-1.23107466443625,-5.15842936260448,-6.50635266602479,-3.08314123530025,-1.8211260418302,-7.15842936260448,-1.65744525452268,-3.18442457113743,-0.248107861595691,-0.951763814347152,-3.59074485331516,-0.932361283124637,-0.888968687611256,-3.87832144341175,-3.59074485331516,-3.66200353648498
"38c18",55,"HCC38","Control",18,1,"2505MED_0055_A1",-7.96578428466209,-3.45798964446339,-1.43830727860169,-7.15842936260448,-3.98850436116217,-8.96578428466209,-6.96578428466209,-4.35107444054688,4.13372790733314,3.1583370271671,-4.50635266602479,-6.05889368905357,-6.15842936260448,-7.64385618977472,-9.96578428466209,-9.96578428466209,-1.84684321193858,-2.53951952995999,1.32481060342048,-6.79585928321977,-2.68038206579984,-4.265344566521,-1.24127043154214,-4.79585928321977,-7.96578428466209,-4.35107444054688,-2.79585928321977,-7.96578428466209,-2.75633091903314,-4.10780328953452,-0.107803289534515,-0.0394882898809755,-2.13923579737117,-0.537424111957796,-0.849440323424619,-4.08314123530025,-4.21089678249862,-5.38082178394093
"38c18",56,"HCC38","Control",18,2,"2505MED_0056_A1",-7.38082178394093,-3.42662547355406,-1.52284078881336,-6.79585928321977,-3.66200353648498,-7.96578428466209,-11.9442837735249,-4.57346686188333,4.05232894028673,2.35219353774503,-4.68038206579984,-5.96578428466209,-6.15842936260448,-7.64385618977472,-8.96578428466209,-8.96578428466209,-1.61705613043101,-2.50635266602479,1.27857955045842,-6.96578428466209,-2.77595972578207,-4.15842936260448,-1.38458370273713,-5.21089678249862,-7.64385618977472,-4.35107444054688,-2.37332724739401,-7.38082178394093,-2.45008444637804,-4.18442457113743,-0.0174170530774094,0.105678077894537,-3.45798964446339,-0.662003536484984,-1.12658049656514,-3.94341647163363,-3.83650126771712,-4.15842936260448
"38c18",57,"HCC38","Control",18,3,"2505MED_0057_A1",-7.64385618977472,-3.47393118833241,-1.40736357139342,-6.38082178394093,-4.0350469470992,-7.38082178394093,-13.8604586085122,-4.7178567712185,4.08627424996482,3.20586165668497,-4.21089678249862,-5.96578428466209,-6.05889368905357,-7.38082178394093,-9.96578428466209,-8.96578428466209,-1.72261030118914,-2.67116353577046,1.35614381022528,-6.50635266602479,-1.67116353577046,-4.01158797427521,-1.32553934843974,-5.05889368905357,-6.64385618977472,-3.77595972578207,-1.11091590140185,-7.15842936260448,-2.05889368905357,-2.92139016530363,0.0551956542421246,-1.31114825613412,-2.51457317282976,-0.741782610463982,-0.2688167584278,-3.85725982788392,-3.32192809488736,-3.73696559416621
"38c18",58,"HCC38","Control",18,4,"2505MED_0058_A1",-7.64385618977472,-3.27928375747887,-1.33642766458248,-6.79585928321977,-3.92139016530363,-6.64385618977472,-12.5621053996124,-4.68038206579984,4.07732846411663,3.12763327972587,-4.57346686188333,-6.05889368905357,-5.96578428466209,-7.64385618977472,-9.96578428466209,-9.96578428466209,-1.8008773579864,-2.39592867633114,1.43242497680476,-6.38082178394093,-1.06190243892591,-4.265344566521,-1.31114825613412,-4.87832144341175,-7.38082178394093,-4.265344566521,-2.19759995988516,-9.96578428466209,-2.20423305221761,-3.59074485331516,-0.256700472111743,-0.432454552356253,-4.0350469470992,-0.504304837375931,-0.539519529959989,-3.94341647163363,-4.68038206579984,-4.47393118833241
"38c18",59,"HCC38","Control",18,5,"2505MED_0059_A1",-7.38082178394093,-3.41119543298445,-1.44614803181887,-6.64385618977472,-3.96578428466209,-7.64385618977472,-11.3670247184837,-3.92139016530363,4.0427318769274,2.92010270703537,-4.68038206579984,-6.05889368905357,-6.05889368905357,-7.15842936260448,-9.96578428466209,-8.96578428466209,-1.59509687785487,-2.79585928321977,1.34653146202802,-6.64385618977472,-1.31473259348316,-4.18442457113743,-1.46593839757888,-4.75633091903314,-6.96578428466209,-3.81603716515741,-2.19759995988516,-7.38082178394093,-2.07704103576383,-3.94341647163363,-0.0634091701760615,-0.918660372548061,-3.27928375747887,-0.862496476250065,-1.89432192210546,-4.0350469470992,-3.608232280044,-3.83650126771712
"38c22",60,"HCC38","Control",22,1,"2505MED_0060_A1",-7.96578428466209,-3.12029423371771,-1.62148837674627,-11.7165223114751,-3.87832144341175,-7.96578428466209,-9.96578428466209,-4.53951952995999,3.94925477085653,3.09895848008817,-4.32192809488736,-6.05889368905357,-5.79585928321977,-7.64385618977472,-9.96578428466209,-9.96578428466209,-2.29335894269059,-2.69899774396719,1.2097652659741,-6.96578428466209,-3.13289427049735,-4.32192809488736,-1.33278908751913,-4.79585928321977,-8.38082178394093,-4.79585928321977,-2.81603716515741,-7.64385618977472,-2.78587519464715,-4.7178567712185,-0.788364746672851,-0.386468347082073,-3.38082178394093,-1.08008791132269,-1.612637459164,-4.265344566521,-11.8186493277186,-5.01158797427521
"38c22",61,"HCC38","Control",22,2,"2505MED_0061_A1",-7.64385618977472,-3.42662547355406,-1.46195854666634,-7.64385618977472,-3.66200353648498,-6.64385618977472,-10.7524861700853,-4.18442457113743,4.29829173062012,3.46100460993347,-4.608232280044,-5.79585928321977,-5.44222232860507,-7.38082178394093,-9.96578428466209,-11.4684665967223,-2.04097178105631,-2.69899774396719,1.49518347790833,-6.64385618977472,-0.766111939825723,-4.10780328953452,-1.23786383009889,-4.68038206579984,-6.64385618977472,-4.53951952995999,-1.93236128312464,-9.96578428466209,-2.46593839757888,-4.10780328953452,-0.388355456626338,-0.0694518807521452,-2.57346686188333,-1.08008791132269,-1.2446850959549,-4.10780328953452,-4.05889368905357,-4.13289427049735
"38c22",62,"HCC38","Control",22,3,"2505MED_0062_A1",-7.38082178394093,-3.50635266602479,-1.56064282152574,-6.79585928321977,-3.92139016530363,-7.15842936260448,-10.8288282714289,-4.7178567712185,4.08321336824898,2.73009646559547,-4.79585928321977,-5.96578428466209,-5.87832144341175,-7.64385618977472,-12.2361115683459,-8.96578428466209,-1.74178261046398,-2.66200353648498,1.34936527759421,-6.64385618977472,-0.924125133024872,-4.29335894269059,-1.48600402063299,-4.83650126771712,-7.96578428466209,-4.75633091903314,-2.94341647163363,-7.96578428466209,-3.0350469470992,-4.53951952995999,-0.628162382669579,-0.512513650651464,-3.13289427049735,-1.0862010350493,-1.10780328953451,-4.23786383009889,-4.83650126771712,-4.608232280044
"38c22",63,"HCC38","Control",22,4,"2505MED_0063_A1",-8.38082178394093,-3.30757280191029,-1.58640591759082,-14.3942289344826,-3.55639334852439,-7.64385618977472,-10.5406360960336,-4.29335894269059,4.11628157307595,2.87617311443746,-4.41119543298445,-6.05889368905357,-5.57346686188333,-7.38082178394093,-9.96578428466209,-12.7249628480576,-1.89432192210546,-2.49817873457909,1.38570712465793,-6.64385618977472,-2.97709959788992,-4.13289427049735,-1.35107444054688,-4.96578428466209,-7.96578428466209,-4.64385618977472,-2.83650126771712,-7.96578428466209,-2.62593428177746,-4.32192809488736,-0.270555993166337,0.252173413202027,-2.94341647163363,-0.369594528517677,-1.1456053222469,-4.23786383009889,-6.05889368905357,-4.68038206579984
"38c22",64,"HCC38","Control",22,5,"2505MED_0064_A1",-7.64385618977472,-3.32192809488736,-1.54793176977619,-7.96578428466209,-4.05889368905357,-7.64385618977472,-8.96578428466209,-4.608232280044,3.99004721957379,3.00557963969985,-4.83650126771712,-5.87832144341175,-5.7178567712185,-7.96578428466209,-9.96578428466209,-9.96578428466209,-1.97709959788992,-2.44222232860507,1.45785691041377,-6.79585928321977,-2.69899774396719,-4.32192809488736,-1.25153876699596,-4.87832144341175,-7.96578428466209,-4.75633091903314,-2.36587144247496,-8.38082178394093,-2.97709959788992,-4.47393118833241,-0.982790709967777,-0.330973234490369,-3,-1.40354186044101,-1.40354186044101,-4.15842936260448,-4.79585928321977,-4.64385618977472
"38m0",65,"HCC38","Migration",0,1,"2505MED_0065_A1",-7.96578428466209,-3.39592867633114,-1.41119543298445,-6.79585928321977,-3.77595972578207,-8.38082178394093,-9.96578428466209,-5.38082178394093,4.07775571410965,2.82109790900261,-4.75633091903314,-5.96578428466209,-5.87832144341175,-7.96578428466209,-9.96578428466209,-9.96578428466209,-1.78587519464715,-2.65290132937773,1.54052329643822,-6.79585928321977,-2.49817873457909,-4.23786383009889,-1.29335894269059,-4.50635266602479,-5.96578428466209,-2.23107466443625,-0.761213140412883,-5.10780328953452,0.221567788538409,-1.10780328953451,-1.39213709716876,-3.05889368905357,-2.82623293226329,-0.556393348524385,0.265436896049098,-3.92139016530363,-2.2584251525812,-1.94341647163363
"38m0",66,"HCC38","Migration",0,2,"2505MED_0066_A1",-10.2228207185892,-2.94341647163363,-1.41503749927884,-4.87832144341175,-5.57346686188333,-9.87934113423986,-8.96578428466209,-5.05889368905357,3.75306963024855,2.85019934199064,-3.33642766458248,-6.265344566521,-8.38082178394093,-7.38082178394093,-6.50635266602479,-6.50635266602479,0.746742715777736,-2.26534456652099,1.31556623031895,-9.96578428466209,-4.23786383009889,-4.50635266602479,-1.79585928321977,-11.7625040096233,-6.15842936260448,-2.30757280191029,-0.666576266274808,-5.50635266602479,0.180147861158429,-1.10780328953451,-1.22431729826094,-1.52284078881336,-2.38082178394093,-0.0247366783215064,0.839959587489532,-3.85725982788392,-2.32915966411844,-2.22431729826094
"38m0",67,"HCC38","Migration",0,3,"2505MED_0067_A1",-7.96578428466209,-3.66200353648498,-1.43440282414577,-5.32192809488736,-5.87832144341175,-7.64385618977472,-8.96578428466209,-4.38082178394093,3.92229300983837,2.98167002210513,-3.25153876699596,-6.15842936260448,-8.38082178394093,-7.38082178394093,-6.05889368905357,-6.79585928321977,0.521050736900963,-2.98850436116217,1.13027195451886,-9.96578428466209,-1.75633091903314,-4.23786383009889,-1.66657626627481,-5.87832144341175,-6.38082178394093,-2.68965987938785,-0.833927324053294,-5.38082178394093,0.094911647025467,-1.399730246491,-1.49005085369569,-2.608232280044,-2.61705613043101,-0.741782610463982,0.672651629328385,-3.89969509420431,-2.34373246520571,-1.96015973546821
"38m0",68,"HCC38","Migration",0,4,"2505MED_0068_A1",-7.96578428466209,-3.66200353648498,-1.45008444637804,-5.265344566521,-5.79585928321977,-7.64385618977472,-8.96578428466209,-4.68038206579984,3.88888933720185,3.20758054618695,-3.73696559416621,-6.05889368905357,-8.38082178394093,-7.96578428466209,-6.265344566521,-6.96578428466209,0.516015147003665,-2.64385618977472,1.17376706773671,-12.1744578150324,-1.63935479753978,-4.32192809488736,-1.57776699931695,-5.79585928321977,-5.79585928321977,-2.31473259348316,-0.564904848379903,-5.79585928321977,0.387362540835996,-1.01158797427521,-1.76611193982572,-3.69899774396719,-3.94341647163363,-0.325539348439741,0.402722176845605,-3.69899774396719,-2.48196850739783,-1.81603716515741
"38m0",69,"HCC38","Migration",0,5,"2505MED_0069_A1",-7.64385618977472,-3.27928375747887,-1.42275246440685,-5.38082178394093,-5.79585928321977,-8.38082178394093,-8.96578428466209,-4.87832144341175,3.87292723365123,2.95214715961952,-3.29335894269059,-6.05889368905357,-8.38082178394093,-7.96578428466209,-6.15842936260448,-6.38082178394093,0.809002774939086,-2.76611193982572,0.0172092900322231,-11.7046537410371,-2.47393118833241,-4.265344566521,-1.44222232860507,-4.32192809488736,-5.87832144341175,-2.11403524324603,-0.606034724339757,-4.87832144341175,0.390667685559667,-0.948975996975533,-1.44614803181887,-2.82623293226329,-3.09541956507868,-0.209227962138,0.590721770009841,-3.75633091903314,-2.23786383009889,-1.73696559416621
"38m0",70,"HCC38","Migration",0,6,"2505MED_0070_A1",-7.96578428466209,-3.32192809488736,-1.35107444054688,-5.15842936260448,-5.7178567712185,-10.895035625297,-8.38082178394093,-4.64385618977472,3.96143811806256,2.8613599063222,-3.22431729826094,-5.96578428466209,-8.38082178394093,-7.96578428466209,-5.87832144341175,-6.38082178394093,0.973794929652606,-2.62593428177746,1.41088377719558,-10.4413100510634,-2.46593839757888,-4.29335894269059,-1.32553934843974,-5.38082178394093,-5.87832144341175,-2.06491747668134,-0.539519529959989,-5.01158797427521,0.475084882948783,-0.821126041830205,-0.831357964441161,-1.98279070996778,-3.44222232860507,0.0854246562526777,0.644317778337577,-3.57346686188333,-2.45798964446339,-1.7809089417538
"38m12",71,"HCC38","Migration",12,1,"2505MED_0071_A1",-7.64385618977472,-3.32192809488736,-1.50635266602479,-6.64385618977472,-4.05889368905357,-7.64385618977472,-8.96578428466209,-5.38082178394093,3.9500017490835,2.80467314026994,-4.265344566521,-6.05889368905357,-5.96578428466209,-7.38082178394093,-9.96578428466209,-8.96578428466209,-1.25497785096274,-2.5649048483799,1.31324585178756,-7.15842936260448,-3.19759995988516,-4.265344566521,-1.38835545662634,-4.92139016530363,-7.15842936260448,-3.36587144247496,-2.22431729826094,-7.15842936260448,-2.07704103576383,-3.55639334852439,-0.713118852211838,-0.962969269055033,-3.30757280191029,-1.11091590140185,-0.886299500835272,-4.08314123530025,-3.96578428466209,-4.08314123530025
"38m12",72,"HCC38","Migration",12,2,"2505MED_0072_A1",-8.38082178394093,-3.53951952995999,-1.65744525452268,-6.64385618977472,-4.23786383009889,-8.38082178394093,-9.96578428466209,-4.96578428466209,3.8715479839851,2.77967996361476,-4.53951952995999,-6.15842936260448,-6.15842936260448,-7.64385618977472,-9.96578428466209,-8.96578428466209,-1.30757280191029,-2.62593428177746,1.11769504266975,-7.38082178394093,-2.84684321193858,-4.53951952995999,-1.49817873457909,-4.83650126771712,-7.38082178394093,-3.608232280044,-2.31473259348316,-8.38082178394093,-2.21089678249862,-3.92139016530363,-0.610433188237274,-0.940644722383579,-2.23786383009889,-0.550042516371997,-0.502259911390907,-4.265344566521,-4.7178567712185,-4.29335894269059
"38m12",73,"HCC38","Migration",12,3,"2505MED_0073_A1",-7.38082178394093,-3.32192809488736,-1.31114825613412,-6.15842936260448,-4.15842936260448,-7.64385618977472,-9.96578428466209,-4.79585928321977,3.97636363573276,2.73248629302994,-4.29335894269059,-6.05889368905357,-6.15842936260448,-7.38082178394093,-8.38082178394093,-8.38082178394093,-0.780908941753803,-2.70839644196944,1.32711247074709,-6.96578428466209,-1.77102743023984,-4.29335894269059,-1.58640591759082,-5.10780328953452,-6.79585928321977,-3.38082178394093,-1.79085860216141,-7.38082178394093,-1.53533173299656,-3.55639334852439,-0.492078535042672,-1.39213709716876,-2.10159814000781,-1.10469737866669,-0.997117491466879,-3.98850436116217,-2.45008444637804,-4.38082178394093
"38m12",74,"HCC38","Migration",12,4,"2505MED_0074_A1",-7.64385618977472,-3.25153876699596,-1.32553934843974,-6.64385618977472,-3.75633091903314,-7.64385618977472,-8.96578428466209,-4.96578428466209,4.05562950834604,2.91456452349394,-4.50635266602479,-6.05889368905357,-5.96578428466209,-7.64385618977472,-9.96578428466209,-8.96578428466209,-0.99136969485656,-2.30757280191029,1.24974871508357,-7.15842936260448,-2.51457317282976,-4.18442457113743,-1.2688167584278,-4.96578428466209,-7.15842936260448,-3.41119543298445,-2.01158797427521,-7.15842936260448,-1.99424073071132,-3.62593428177746,-0.375197234747053,-0.694321256757713,-3.98850436116217,-0.823677227359537,-0.918660372548061,-3.83650126771712,-4.0350469470992,-3.02326977932285
"38m12",75,"HCC38","Migration",12,5,"2505MED_0075_A1",-7.64385618977472,-3.49005085369569,-1.47794425083904,-6.05889368905357,-4.21089678249862,-7.96578428466209,-16.2911979268465,-4.32192809488736,4.08431943591921,2.96051171011902,-4.38082178394093,-6.05889368905357,-5.96578428466209,-8.38082178394093,-9.96578428466209,-9.96578428466209,-1.07096652135414,-2.41119543298445,1.387362540836,-6.96578428466209,-1.36587144247496,-4.15842936260448,-1.38835545662634,-5.10780328953452,-6.50635266602479,-3.73696559416621,-2.22431729826094,-6.79585928321977,-1.68038206579984,-3.41119543298445,0.452068230223811,-0.560642821525743,-3.57346686188333,-0.803392955905182,-0.852042118612899,-3.94341647163363,-2.94341647163363,-3.7178567712185
"38m12",76,"HCC38","Migration",12,6,"2505MED_0076_A1",-7.64385618977472,-3.49005085369569,-1.41119543298445,-6.05889368905357,-4.13289427049735,-7.38082178394093,-9.96578428466209,-4.7178567712185,4.05900910004046,2.68302266506368,-4.15842936260448,-6.05889368905357,-6.265344566521,-7.38082178394093,-8.96578428466209,-8.38082178394093,-0.954557029238833,-2.33642766458248,0.202887833470143,-6.64385618977472,-1.38835545662634,-4.23786383009889,-1.49817873457909,-4.96578428466209,-6.96578428466209,-3.39592867633114,-1.77102743023984,-6.38082178394093,-1.57346686188333,-3.35107444054688,-0.601649629654035,-1.50635266602479,-2.57346686188333,-0.957355662591506,-0.597277823154395,-4.13289427049735,-3.59074485331516,-3.19759995988516
"38m18",77,"HCC38","Migration",18,1,"2505MED_0077_A1",-7.96578428466209,-3.55639334852439,-1.55215635563791,-7.38082178394093,-4.0350469470992,-7.96578428466209,-9.96578428466209,-5.38082178394093,3.98167002210513,2.88381629017539,-4.7178567712185,-6.15842936260448,-5.79585928321977,-7.38082178394093,-9.96578428466209,-12.8380860436456,-1.9105018491609,-2.72737954533701,1.19723635491871,-6.50635266602479,-1.43440282414577,-4.32192809488736,-1.49817873457909,-4.83650126771712,-7.38082178394093,-4.50635266602479,-2.45008444637804,-7.96578428466209,-2.608232280044,-4.44222232860507,-0.473931188332412,-0.606034724339757,-3.23786383009889,-1.54793176977619,-1.3621579396759,-4.265344566521,-4.7178567712185,-5.01158797427521
"38m18",78,"HCC38","Migration",18,2,"2505MED_0078_A1",-8.38082178394093,-3.23786383009889,-1.51870105845243,-6.50635266602479,-3.94341647163363,-7.96578428466209,-9.96578428466209,-8.96578428466209,4.09895848008817,2.95140129167431,-4.41119543298445,-6.05889368905357,-5.44222232860507,-7.38082178394093,-9.96578428466209,-9.96578428466209,-1.54793176977619,-2.41888982477445,1.3684890006451,-6.96578428466209,-3.0350469470992,-4.35107444054688,-1.43050890804128,-5.05889368905357,-7.96578428466209,-4.50635266602479,-2.5649048483799,-7.96578428466209,-2.58207999218803,-4.35107444054688,-0.179514657013621,-0.510457064357526,-2.63486740654747,-0.436353730515936,-0.828793172581858,-4.15842936260448,-4.7178567712185,-4.83650126771712
"38m18",79,"HCC38","Migration",18,3,"2505MED_0079_A1",-8.38082178394093,-3.55639334852439,-1.51870105845243,-6.79585928321977,-3.92139016530363,-7.64385618977472,-12.0846898213628,-4.44222232860507,4.04989210185101,3.06608919045777,-4.64385618977472,-6.05889368905357,-5.7178567712185,-7.96578428466209,-8.96578428466209,-8.96578428466209,-1.59946207041627,-2.50635266602479,1.34993137336011,-6.96578428466209,-1.17788172527066,-4.32192809488736,-1.36587144247496,-5.10780328953452,-6.96578428466209,-3.98850436116217,-2.29335894269059,-7.38082178394093,-2.55639334852439,-4.10780328953452,-0.584241333477502,-0.675765437729469,-2.59946207041627,-1.36959452851768,-1.3621579396759,-4.41119543298445,-4.64385618977472,-3.07096652135414
"38m18",80,"HCC38","Migration",18,4,"2505MED_0080_A1",-7.64385618977472,-3.22431729826094,-1.44614803181887,-6.265344566521,-3.87832144341175,-7.96578428466209,-9.96578428466209,-5.01158797427521,4.10710196931002,3.12267271882414,-4.50635266602479,-6.05889368905357,-5.79585928321977,-7.96578428466209,-9.96578428466209,-12.3705164184525,-1.9105018491609,-2.36587144247496,1.38681094647222,-7.15842936260448,-2.72737954533701,-4.15842936260448,-1.24810786159569,-4.87832144341175,-7.64385618977472,-4.41119543298445,-2.38835545662634,-8.96578428466209,-2.78587519464715,-4.44222232860507,-0.289827251720338,-0.318325858207167,-2.94341647163363,-0.746615764199925,-1.41119543298445,-4.0350469470992,-4.75633091903314,-5.21089678249862
"38m18",81,"HCC38","Migration",18,5,"2505MED_0081_A1",-7.96578428466209,-3.62593428177746,-1.50635266602479,-6.38082178394093,-3.68038206579984,-7.15842936260448,-11.7180328206142,-4.41119543298445,4.00602867174334,3.07707205337377,-4.68038206579984,-5.96578428466209,-5.44222232860507,-7.38082178394093,-9.96578428466209,-8.96578428466209,-1.55215635563791,-2.58207999218803,0.349365277594213,-6.79585928321977,-1.08008791132269,-4.35107444054688,-1.34007544159762,-5.15842936260448,-7.96578428466209,-4.13289427049735,-2.15842936260448,-8.38082178394093,-2.1456053222469,-3.96578428466209,-0.329159664118438,-0.351074440546879,-2.1456053222469,-0.905088352974533,-1.41503749927884,-4.08314123530025,-4.35107444054688,-3.94341647163363
"38m18",82,"HCC38","Migration",18,6,"2505MED_0082_A1",-7.64385618977472,-3.53951952995999,-1.35475948735473,-5.87832144341175,-3.98850436116217,-7.38082178394093,-8.96578428466209,-4.79585928321977,4.08040184367244,3.22650852980868,-4.608232280044,-6.05889368905357,-5.50635266602479,-7.38082178394093,-9.96578428466209,-8.96578428466209,-1.54371951848927,-2.59074485331516,1.37350901551801,-6.64385618977472,-1.07400058144378,-4.13289427049735,-1.265344566521,-4.83650126771712,-7.15842936260448,-3.94341647163363,-1.92139016530363,-9.96578428466209,-2.30757280191029,-3.87832144341175,-0.422752464406849,-0.749038426466781,-2.57346686188333,-0.426625473554056,-1.16488438474178,-4.15842936260448,-4.57346686188333,-3.45798964446339
"38m22",83,"HCC38","Migration",22,1,"2505MED_0083_A1",-7.64385618977472,-3.49005085369569,-1.67576543772947,-6.96578428466209,-3.89969509420431,-7.38082178394093,-12.8593392782225,-4.50635266602479,3.93903846963212,2.96476826967405,-4.92139016530363,-6.05889368905357,-5.15842936260448,-7.96578428466209,-9.96578428466209,-9.96578428466209,-1.94897599697553,-2.53951952995999,1.2190910582462,-6.64385618977472,-0.910501849160897,-4.44222232860507,-1.48196850739783,-5.32192809488736,-7.96578428466209,-4.7178567712185,-2.41119543298445,-7.96578428466209,-2.79585928321977,-4.50635266602479,-0.226003674888827,-0.531156057025363,-2.37332724739401,-0.500217879852688,-0.951763814347152,-4.18442457113743,-5.265344566521,-4.87832144341175
"38m22",84,"HCC38","Migration",22,2,"2505MED_0084_A1",-7.64385618977472,-3.47393118833241,-1.47393118833241,-6.50635266602479,-3.81603716515741,-7.96578428466209,-10.5605058623306,-5.05889368905357,4.01943505344215,3.0775848292956,-4.75633091903314,-6.05889368905357,-5.15842936260448,-7.38082178394093,-9.96578428466209,-11.4685316346692,-12.8934966973631,-2.45008444637804,1.23020301336642,-6.64385618977472,-1.01158797427521,-4.15842936260448,-1.42275246440685,-4.92139016530363,-8.38082178394093,-4.7178567712185,-2.45008444637804,-8.38082178394093,-2.59074485331516,-4.41119543298445,-0.577766999316952,-0.405451450449646,-2.79585928321977,-0.902389203373578,-0.880975896857725,-4.18442457113743,-4.79585928321977,-4.35107444054688
"38m22",85,"HCC38","Migration",22,3,"2505MED_0085_A1",-7.96578428466209,-3.53951952995999,-1.59946207041627,-14.905275156073,-3.94341647163363,-7.64385618977472,-14.4477898591499,-5.38082178394093,3.85957205681725,3.10902617649837,-5.01158797427521,-6.15842936260448,-5.50635266602479,-7.64385618977472,-8.96578428466209,-9.96578428466209,-2.1456053222469,-2.76611193982572,1.1583370271671,-6.79585928321977,-1.13923579737117,-4.265344566521,-1.50635266602479,-5.01158797427521,-7.64385618977472,-4.7178567712185,-2.2584251525812,-7.38082178394093,-2.43440282414578,-4.47393118833241,-0.320125852253377,-0.253257284222264,-3.05889368905357,-1.39592867633114,-1.30044836747691,-4.35107444054688,-5.38082178394093,-5.10780328953452
"38m22",86,"HCC38","Migration",22,4,"2505MED_0086_A1",-8.38082178394093,-3.59074485331516,-1.81603716515741,-7.38082178394093,-3.73696559416621,-8.38082178394093,-13.8150319016842,-4.75633091903314,3.96023367169445,2.68279799870165,-4.75633091903314,-6.15842936260448,-5.38082178394093,-7.64385618977472,-11.1163639814189,-9.96578428466209,-2.1456053222469,-2.70839644196944,1.18142064028014,-7.38082178394093,-2.45798964446339,-4.41119543298445,-1.52284078881336,-4.96578428466209,-8.38082178394093,-4.96578428466209,-2.86775220170156,-7.96578428466209,-2.73696559416621,-4.41119543298445,-0.314732593483158,-0.148800661406706,-2.42662547355406,-1.2584251525812,-1.57346686188333,-4.29335894269059,-4.92139016530363,-4.608232280044
"38m22",87,"HCC38","Migration",22,5,"2505MED_0087_A1",-7.96578428466209,-3.33642766458248,-1.60384051092685,-6.64385618977472,-3.55639334852439,-7.96578428466209,-9.96578428466209,-4.87832144341175,4.08287286906381,3.06039331222714,-4.608232280044,-5.96578428466209,-5.265344566521,-7.96578428466209,-13.5268877910266,-8.96578428466209,-1.92139016530363,-2.41888982477445,1.24427819857814,-7.15842936260448,-3,-4.38082178394093,-1.46992925777492,-5.01158797427521,-8.38082178394093,-4.608232280044,-2.81603716515741,-7.96578428466209,-2.73696559416621,-4.15842936260448,-0.539519529959989,-0.302226180444814,-3.08314123530025,-0.535331732996556,-1.21089678249862,-4.15842936260448,-4.87832144341175,-5.01158797427521
"38m22",88,"HCC38","Migration",22,6,"2505MED_0088_A1",-7.38082178394093,-3.36587144247496,-1.46593839757888,-6.79585928321977,-3.66200353648498,-7.96578428466209,-11.9115109563567,-4.92139016530363,4.09744224764079,3.0765590951316,-4.50635266602479,-5.96578428466209,-5.44222232860507,-7.64385618977472,-9.96578428466209,-9.96578428466209,-1.92686529536978,-2.68965987938785,1.38239058287347,-6.96578428466209,-2.59946207041627,-4.15842936260448,-1.32192809488736,-4.87832144341175,-7.64385618977472,-4.57346686188333,-3.02326977932285,-8.38082178394093,-2.89969509420431,-4.29335894269059,-0.424687669312563,-0.0954195650786824,-3.23786383009889,-1.10780328953451,-1.62148837674627,-4.18442457113743,-4.41119543298445,-4.64385618977472
"media",89,"media","media",0,1,"2505MED_0089_A1",-8.38082178394093,-3.608232280044,-1.41503749927884,-5.265344566521,-5.57346686188333,-7.64385618977472,-8.96578428466209,-4.18442457113743,3.90284538355057,2.84217431759439,-3.35107444054688,-6.05889368905357,-8.38082178394093,-7.96578428466209,-5.87832144341175,-6.64385618977472,0.74416109557041,-2.82623293226329,1.31961793420016,-8.96578428466209,-1.51457317282976,-4.29335894269059,-1.43830727860169,-5.50635266602479,-6.05889368905357,-1.9378782880922,-0.00433459026389113,-4.35107444054688,0.839153387389821,-0.696657605512669,-1.2584251525812,-3.30757280191029,-3.59074485331516,-0.567040592723894,0.67897330785417,-3.87832144341175,-2.29335894269059,-1.46992925777492
"media",90,"media","media",0,2,"2505MED_0090_A1",-7.96578428466209,-3.19759995988516,-1.45798964446339,-5.57346686188333,-5.7178567712185,-8.96578428466209,-8.38082178394093,-4.29335894269059,3.9412941496344,2.76913698304317,-3.39592867633114,-5.96578428466209,-8.38082178394093,-7.64385618977472,-6.05889368905357,-6.50635266602479,0.7311832415722,-2.85725982788392,1.32077347694587,-9.96578428466209,-2.49817873457909,-4.38082178394093,-1.41503749927884,-5.96578428466209,-5.64385618977472,-1.90508835297453,-0.220950447162541,-4.57346686188333,0.710172748279662,-0.597277823154395,-1.51457317282976,-2.72737954533701,-2.50635266602479,-0.256700472111743,0.531069492725954,-3.73696559416621,-1.99424073071132,-1.66657626627481
"media",91,"media","media",0,3,"2505MED_0091_A1",-7.64385618977472,-3.25153876699596,-1.32915966411844,-5.44222232860507,-5.64385618977472,-8.38082178394093,-8.96578428466209,-5.05889368905357,3.94990839795332,3.01203225593194,-3.30757280191029,-5.87832144341175,-7.96578428466209,-7.64385618977472,-5.50635266602479,-6.38082178394093,1.05032755355842,-2.33642766458248,1.32019582126613,-11.241943828075,-2.47393118833241,-4.23786383009889,-1.30044836747691,-4.47393118833241,-5.7178567712185,-1.86249647625006,-0.263611599296539,-4.57346686188333,0.729444006833663,-0.592919224549499,-1.25153876699596,-3.38082178394093,-3.35107444054688,-0.222632890549587,0.931304843650669,-3.68038206579984,-2.21089678249862,-1.53951952995999
"media",92,"media","media",12,1,"2505MED_0092_A1",-7.64385618977472,-3.608232280044,-1.31832585820717,-5.21089678249862,-5.7178567712185,-12.9565429401171,-8.96578428466209,-5.01158797427521,3.8939446080163,2.83390207666916,-3.39592867633114,-6.05889368905357,-8.38082178394093,-7.96578428466209,-5.96578428466209,-6.96578428466209,0.65901117119815,-2.69899774396719,1.26183165875214,-9.96578428466209,-1.76611193982572,-4.23786383009889,-1.46992925777492,-5.50635266602479,-4.57346686188333,-0.816037165157405,1.15704371014558,-3.32192809488736,1.90919706299169,0.228972569760161,-1.15842936260448,-3.41119543298445,-2.87832144341175,-0.349235440883098,0.441483479582645,-3.85725982788392,-1.14241704461585,-0.428565884123491
"media",93,"media","media",12,2,"2505MED_0093_A1",-7.96578428466209,-3.29335894269059,-1.23786383009889,-5.10780328953452,-5.50635266602479,-7.38082178394093,-8.38082178394093,-5.265344566521,4.05111103557303,3.09372917927164,-3.33642766458248,-5.96578428466209,-8.38082178394093,-7.96578428466209,-5.79585928321977,-6.50635266602479,0.743299527888257,-2.51457317282976,1.43349363984688,-11.9169665720223,-2.32915966411844,-4.10780328953452,-1.31114825613412,-5.50635266602479,-4.18442457113743,-0.650634722405787,1.27202318906105,-2.98850436116217,2.14665522211947,0.469885976274464,-1.68965987938785,-2.97709959788992,-3.19759995988516,-0.793356776016605,0.549915553621955,-3.7178567712185,-1.29689930039584,-0.3040061868901
"media",94,"media","media",12,3,"2505MED_0094_A1",-7.64385618977472,-3.32192809488736,-1.23786383009889,-4.96578428466209,-5.15842936260448,-7.64385618977472,-7.96578428466209,-4.68038206579984,4.13938763303401,2.93790930570214,-3.29335894269059,-5.96578428466209,-7.96578428466209,-7.64385618977472,-5.79585928321977,-6.265344566521,0.969380764941608,-2.49005085369569,1.4340276746636,-12.5053928811796,-1.43050890804128,-4.10780328953452,-1.22431729826094,-5.57346686188333,-4.10780328953452,-0.746615764199925,1.07107616201096,-3.81603716515741,1.95902821894369,0.232660756790275,-0.595096877854869,-2.83650126771712,-4.79585928321977,0.12565110166152,0.191562650700756,-3.77595972578207,-1.3621579396759,-0.63486740654747
"media",95,"media","media",18,1,"2505MED_0095_A1",-7.64385618977472,-3.39592867633114,-1.39213709716876,-5.05889368905357,-5.87832144341175,-8.38082178394093,-8.38082178394093,-4.96578428466209,3.87568178349211,2.97636363573276,-3.39592867633114,-6.05889368905357,-8.38082178394093,-7.38082178394093,-6.05889368905357,-6.64385618977472,0.698662999885884,-2.75633091903314,1.25942315228141,-8.96578428466209,-1.18114943910457,-4.21089678249862,-1.40354186044101,-6.265344566521,-4.18442457113743,-0.543719518489275,1.22774107583913,-3.0350469470992,2.07141945648989,0.405992359675837,-1.47393118833241,-3.41119543298445,-3.52284078881336,-0.994240730711315,-0.477944250839036,-3.77595972578207,-1,0.375178479589612
"media",96,"media","media",18,2,"2505MED_0096_A1",-7.38082178394093,-3.09541956507868,-1.25153876699596,-5.32192809488736,-5.44222232860507,-8.38082178394093,-7.96578428466209,-5.15842936260448,4.10743679844779,3.02502879449152,-3.27928375747887,-5.96578428466209,-7.96578428466209,-7.64385618977472,-5.64385618977472,-6.05889368905357,1.175684270731,-2.38835545662634,1.34255474547732,-9.96578428466209,-2.76611193982572,-4.18442457113743,-1.31473259348316,-5.32192809488736,-4.23786383009889,-0.440263475567017,1.26363540356833,-3.50635266602479,2.06281249240502,0.451013242943973,-0.880975896857725,-3.13289427049735,-3.10780328953451,-0.44418384493836,0.335711910320462,-3.69899774396719,-1.41119543298445,-0.407363571393423
"media",97,"media","media",18,3,"2505MED_0097_A1",-7.38082178394093,-2.77595972578207,-1.12343394124828,-5.01158797427521,-5.10780328953452,-7.64385618977472,-8.38082178394093,-4.92139016530363,4.15591110589448,3.25670876758438,-3.07096652135414,-5.87832144341175,-7.96578428466209,-7.96578428466209,-5.44222232860507,-6.05889368905357,1.18142064028014,-2.63486740654747,1.4630992673481,-10.8421415535319,-2.66200353648498,-4.13289427049735,-1.2688167584278,-5.64385618977472,-4.05889368905357,-0.341902794648628,1.37795663381011,-3.18442457113743,2.20789285164133,0.5489297694764,-0.610433188237274,-2.59946207041627,-2.59074485331516,0.159629185821228,0.761285273361619,-3.59074485331516,-1.08926733809709,-0.179514657013621
"media",98,"media","media",22,1,"2505MED_0098_A1",-7.64385618977472,-3.36587144247496,-1.18442457113743,-4.83650126771712,-5.32192809488736,-7.38082178394093,-7.96578428466209,-4.64385618977472,4.03905063606509,2.96143811806256,-3.33642766458248,-5.96578428466209,-7.96578428466209,-7.64385618977472,-5.57346686188333,-6.38082178394093,1.03703073094497,-2.59946207041627,0.395062799517578,-8.96578428466209,-1.41119543298445,-4.265344566521,-1.49005085369569,-5.96578428466209,-4.13289427049735,-0.409278229990159,1.49210955265261,-3.07096652135414,2.2654368960491,0.578214165472454,-1.23786383009889,-3.26534456652099,-3.18442457113743,-0.588573754273535,0.217851096811131,-3.81603716515741,-0.83650126771712,-0.0439433475875971
"media",99,"media","media",22,2,"2505MED_0099_A1",-7.64385618977472,-3.49005085369569,-1.21759143507263,-4.87832144341175,-5.38082178394093,-7.64385618977472,-8.38082178394093,-4.68038206579984,4.0582298966508,3.12713799046969,-3.30757280191029,-5.96578428466209,-8.96578428466209,-7.96578428466209,-5.87832144341175,-6.64385618977472,0.900721927564115,-2.75633091903314,1.37462220619121,-9.96578428466209,-1.49410907027004,-4.18442457113743,-1.39592867633114,-5.44222232860507,-3.87832144341175,-0.504304837375931,1.4157586665225,-3.41119543298445,2.08474462086847,0.478195257939166,-0.831357964441161,-3.44222232860507,-4.05889368905357,-0.537424111957796,-0.187707155126729,-3.75633091903314,-0.729770092762002,-0.360304766600418
"media",100,"media","media",22,3,"2505MED_0100_A1",-7.96578428466209,-3.38082178394093,-1.04097178105631,-5.01158797427521,-5.44222232860507,-7.38082178394093,-7.64385618977472,-4.53951952995999,4.16703672211749,3.1263121303287,-3.23786383009889,-5.87832144341175,-8.38082178394093,-7.38082178394093,-5.87832144341175,-6.50635266602479,1.0264459803038,-2.2446850959549,1.46048047004001,-12.4351800442407,-2.34373246520571,-4.01158797427521,-1.31114825613412,-5.10780328953452,-3.7178567712185,-0.169744675832317,1.75574217934539,-3.33642766458248,2.49134004687872,0.898401859992193,-0.902389203373578,-4.29335894269059,-1.76121314041288,0.186500557644495,0.336854639125465,-3.57346686188333,-0.846843211938579,-0.386468347082073
