"Target","Comparison","P_Value","q_value"
"A_11_12_DiHETrE","FMT-Chow control",0.000664220683676442,0.0157757374165313
"A_11_12_DiHETrE","FMT_NGBB-Chow control",0.0125560996190247,0.146144766057501
"A_11_12_DiHETrE","NGBB-Chow control",0.00404478313389256,0.0624303483709504
"A_11_12_DiHETrE","Placebo-Chow control",0.00600821244649741,0.0836437419022188
"A_11_12_DiHETrE","FMT_NGBB-FMT",0.58840485620606,0.99999999998091
"A_11_12_DiHETrE","NGBB-FMT",0.839412844709109,0.99999999998091
"A_11_12_DiHETrE","Placebo-FMT",0.778673015437932,0.99999999998091
"A_11_12_DiHETrE","NGBB-FMT_NGBB",0.989120828938853,0.99999999998091
"A_11_12_DiHETrE","Placebo-FMT_NGBB",0.997070635580547,0.99999999998091
"A_11_12_DiHETrE","Placebo-NGBB",0.999921914424083,0.99999999998091
"A_12_13_DiHOME","FMT-Chow control",2.45493403383534e-10,1.74300316402309e-07
"A_12_13_DiHOME","FMT_NGBB-Chow control",2.99079871979302e-09,7.07822363684348e-07
"A_12_13_DiHOME","NGBB-Chow control",9.47478695501047e-09,1.34541974761149e-06
"A_12_13_DiHOME","Placebo-Chow control",1.06926700826904e-09,3.79589787935508e-07
"A_12_13_DiHOME","FMT_NGBB-FMT",0.358838910092696,0.99999999998091
"A_12_13_DiHOME","NGBB-FMT",0.298406571852343,0.99999999998091
"A_12_13_DiHOME","Placebo-FMT",0.626799309462155,0.99999999998091
"A_12_13_DiHOME","NGBB-FMT_NGBB",0.999803151488041,0.99999999998091
"A_12_13_DiHOME","Placebo-FMT_NGBB",0.989047377416656,0.99999999998091
"A_12_13_DiHOME","Placebo-NGBB",0.968672033779987,0.99999999998091
"A_12_13_EpOME","FMT-Chow control",0.211237213110179,0.99999999998091
"A_12_13_EpOME","FMT_NGBB-Chow control",0.999999927782666,0.99999999998091
"A_12_13_EpOME","NGBB-Chow control",0.977408157129481,0.99999999998091
"A_12_13_EpOME","Placebo-Chow control",0.637475188501705,0.99999999998091
"A_12_13_EpOME","FMT_NGBB-FMT",0.205345567812472,0.99999999998091
"A_12_13_EpOME","NGBB-FMT",0.472377378408906,0.99999999998091
"A_12_13_EpOME","Placebo-FMT",0.880186278271752,0.99999999998091
"A_12_13_EpOME","NGBB-FMT_NGBB",0.978950405564378,0.99999999998091
"A_12_13_EpOME","Placebo-FMT_NGBB",0.633492201758601,0.99999999998091
"A_12_13_EpOME","Placebo-NGBB",0.926474023747413,0.99999999998091
"A_13_HODE","FMT-Chow control",0.00158675312368761,0.0296472294162685
"A_13_HODE","FMT_NGBB-Chow control",0.288851015256661,0.99999999998091
"A_13_HODE","NGBB-Chow control",0.286364645820442,0.99999999998091
"A_13_HODE","Placebo-Chow control",0.0311183113386025,0.290710540136945
"A_13_HODE","FMT_NGBB-FMT",0.13355638540506,0.828492833148706
"A_13_HODE","NGBB-FMT",0.157248518468139,0.901819738897928
"A_13_HODE","Placebo-FMT",0.628237620960266,0.99999999998091
"A_13_HODE","NGBB-FMT_NGBB",0.999998745969018,0.99999999998091
"A_13_HODE","Placebo-FMT_NGBB",0.802003116018464,0.99999999998091
"A_13_HODE","Placebo-NGBB",0.837026386194657,0.99999999998091
"A_15deoxy_delta_12_14_PGJ2","FMT-Chow control",0.0114170521905488,0.137391645004909
"A_15deoxy_delta_12_14_PGJ2","FMT_NGBB-Chow control",0.00389779444143645,0.0614985345204418
"A_15deoxy_delta_12_14_PGJ2","NGBB-Chow control",0.000147452767732315,0.00475870295863379
"A_15deoxy_delta_12_14_PGJ2","Placebo-Chow control",2.8889213615102e-05,0.00107954429824855
"A_15deoxy_delta_12_14_PGJ2","FMT_NGBB-FMT",0.999897630470074,0.99999999998091
"A_15deoxy_delta_12_14_PGJ2","NGBB-FMT",0.915530825288422,0.99999999998091
"A_15deoxy_delta_12_14_PGJ2","Placebo-FMT",0.709225916017415,0.99999999998091
"A_15deoxy_delta_12_14_PGJ2","NGBB-FMT_NGBB",0.783574051118245,0.99999999998091
"A_15deoxy_delta_12_14_PGJ2","Placebo-FMT_NGBB",0.481153682671434,0.99999999998091
"A_15deoxy_delta_12_14_PGJ2","Placebo-NGBB",0.988282090360701,0.99999999998091
"A_17_18_DiHETE","FMT-Chow control",0.552359366742952,0.99999999998091
"A_17_18_DiHETE","FMT_NGBB-Chow control",0.999967950329749,0.99999999998091
"A_17_18_DiHETE","NGBB-Chow control",0.706007718194901,0.99999999998091
"A_17_18_DiHETE","Placebo-Chow control",0.999994627223198,0.99999999998091
"A_17_18_DiHETE","FMT_NGBB-FMT",0.596300789160253,0.99999999998091
"A_17_18_DiHETE","NGBB-FMT",0.994553958000278,0.99999999998091
"A_17_18_DiHETE","Placebo-FMT",0.514110019773123,0.99999999998091
"A_17_18_DiHETE","NGBB-FMT_NGBB",0.753059262520167,0.99999999998091
"A_17_18_DiHETE","Placebo-FMT_NGBB",0.999763113128772,0.99999999998091
"A_17_18_DiHETE","Placebo-NGBB",0.663925493347827,0.99999999998091
"A_1_AG_2_AG","FMT-Chow control",0.435178281719995,0.99999999998091
"A_1_AG_2_AG","FMT_NGBB-Chow control",0.376874196951688,0.99999999998091
"A_1_AG_2_AG","NGBB-Chow control",0.266061765103696,0.99999999998091
"A_1_AG_2_AG","Placebo-Chow control",0.720940841395466,0.99999999998091
"A_1_AG_2_AG","FMT_NGBB-FMT",0.99988410105675,0.99999999998091
"A_1_AG_2_AG","NGBB-FMT",0.999990603994743,0.99999999998091
"A_1_AG_2_AG","Placebo-FMT",0.972821925895386,0.99999999998091
"A_1_AG_2_AG","NGBB-FMT_NGBB",0.998923077906016,0.99999999998091
"A_1_AG_2_AG","Placebo-FMT_NGBB",0.983054344011044,0.99999999998091
"A_1_AG_2_AG","Placebo-NGBB",0.934642742125558,0.99999999998091
"A_1_LG_2_LG","FMT-Chow control",0.01369371599939,0.151914661868232
"A_1_LG_2_LG","FMT_NGBB-Chow control",0.000666580454219634,0.0157757374165313
"A_1_LG_2_LG","NGBB-Chow control",0.00469140242458621,0.069393660863671
"A_1_LG_2_LG","Placebo-Chow control",0.0406481927590894,0.356298973567327
"A_1_LG_2_LG","FMT_NGBB-FMT",0.992917820271739,0.99999999998091
"A_1_LG_2_LG","NGBB-FMT",0.999996583331096,0.99999999998091
"A_1_LG_2_LG","Placebo-FMT",0.940392895842086,0.99999999998091
"A_1_LG_2_LG","NGBB-FMT_NGBB",0.980589183002905,0.99999999998091
"A_1_LG_2_LG","Placebo-FMT_NGBB",0.651609007124452,0.99999999998091
"A_1_LG_2_LG","Placebo-NGBB",0.931379477694746,0.99999999998091
"A_5S_14R_lipoxinB4","FMT-Chow control",0.999999997876816,0.99999999998091
"A_5S_14R_lipoxinB4","FMT_NGBB-Chow control",0.985417965217444,0.99999999998091
"A_5S_14R_lipoxinB4","NGBB-Chow control",0.849499521788581,0.99999999998091
"A_5S_14R_lipoxinB4","Placebo-Chow control",0.820510448552753,0.99999999998091
"A_5S_14R_lipoxinB4","FMT_NGBB-FMT",0.991801589485218,0.99999999998091
"A_5S_14R_lipoxinB4","NGBB-FMT",0.90248411093038,0.99999999998091
"A_5S_14R_lipoxinB4","Placebo-FMT",0.882002015311219,0.99999999998091
"A_5S_14R_lipoxinB4","NGBB-FMT_NGBB",0.985295053934213,0.99999999998091
"A_5S_14R_lipoxinB4","Placebo-FMT_NGBB",0.977619028433263,0.99999999998091
"A_5S_14R_lipoxinB4","Placebo-NGBB",0.999996805631985,0.99999999998091
"A_5_6_DiHETrE","FMT-Chow control",0.999972801194751,0.99999999998091
"A_5_6_DiHETrE","FMT_NGBB-Chow control",0.934608472099944,0.99999999998091
"A_5_6_DiHETrE","NGBB-Chow control",0.312757761019381,0.99999999998091
"A_5_6_DiHETrE","Placebo-Chow control",0.412011093211304,0.99999999998091
"A_5_6_DiHETrE","FMT_NGBB-FMT",0.931763779030807,0.99999999998091
"A_5_6_DiHETrE","NGBB-FMT",0.379137682182877,0.99999999998091
"A_5_6_DiHETrE","Placebo-FMT",0.473651889217206,0.99999999998091
"A_5_6_DiHETrE","NGBB-FMT_NGBB",0.753304658566143,0.99999999998091
"A_5_6_DiHETrE","Placebo-FMT_NGBB",0.849548142402873,0.99999999998091
"A_5_6_DiHETrE","Placebo-NGBB",0.999741087911508,0.99999999998091
"A_8_12_iso_iPF2a_VI","FMT-Chow control",0.62381215401848,0.99999999998091
"A_8_12_iso_iPF2a_VI","FMT_NGBB-Chow control",0.172405271493133,0.963840494174207
"A_8_12_iso_iPF2a_VI","NGBB-Chow control",0.369279311586574,0.99999999998091
"A_8_12_iso_iPF2a_VI","Placebo-Chow control",0.562321258047655,0.99999999998091
"A_8_12_iso_iPF2a_VI","FMT_NGBB-FMT",0.980237942603036,0.99999999998091
"A_8_12_iso_iPF2a_VI","NGBB-FMT",0.999610699988144,0.99999999998091
"A_8_12_iso_iPF2a_VI","Placebo-FMT",0.999990015403943,0.99999999998091
"A_8_12_iso_iPF2a_VI","NGBB-FMT_NGBB",0.994283965330742,0.99999999998091
"A_8_12_iso_iPF2a_VI","Placebo-FMT_NGBB",0.948270376371908,0.99999999998091
"A_8_12_iso_iPF2a_VI","Placebo-NGBB",0.997614418260292,0.99999999998091
"A_8_9_DiHETrE","FMT-Chow control",0.728955659374214,0.99999999998091
"A_8_9_DiHETrE","FMT_NGBB-Chow control",0.998601308944208,0.99999999998091
"A_8_9_DiHETrE","NGBB-Chow control",0.826169809710884,0.99999999998091
"A_8_9_DiHETrE","Placebo-Chow control",0.950983961785782,0.99999999998091
"A_8_9_DiHETrE","FMT_NGBB-FMT",0.564300091878801,0.99999999998091
"A_8_9_DiHETrE","NGBB-FMT",0.207838066146623,0.99999999998091
"A_8_9_DiHETrE","Placebo-FMT",0.345616033587467,0.99999999998091
"A_8_9_DiHETrE","NGBB-FMT_NGBB",0.928757502914743,0.99999999998091
"A_8_9_DiHETrE","Placebo-FMT_NGBB",0.990895160721063,0.99999999998091
"A_8_9_DiHETrE","Placebo-NGBB",0.997029564155405,0.99999999998091
"A_9_10_13_TriHOME","FMT-Chow control",0.820724972110513,0.99999999998091
"A_9_10_13_TriHOME","FMT_NGBB-Chow control",0.993140460603995,0.99999999998091
"A_9_10_13_TriHOME","NGBB-Chow control",0.828789322286049,0.99999999998091
"A_9_10_13_TriHOME","Placebo-Chow control",0.999560260577613,0.99999999998091
"A_9_10_13_TriHOME","FMT_NGBB-FMT",0.951443995037287,0.99999999998091
"A_9_10_13_TriHOME","NGBB-FMT",0.282105650472492,0.99999999998091
"A_9_10_13_TriHOME","Placebo-FMT",0.900650301931317,0.99999999998091
"A_9_10_13_TriHOME","NGBB-FMT_NGBB",0.568491510205345,0.99999999998091
"A_9_10_13_TriHOME","Placebo-FMT_NGBB",0.999560948006042,0.99999999998091
"A_9_10_13_TriHOME","Placebo-NGBB",0.714876818008682,0.99999999998091
"A_9_10_EpOME","FMT-Chow control",0.141844411027405,0.853470608724214
"A_9_10_EpOME","FMT_NGBB-Chow control",0.995465391145929,0.99999999998091
"A_9_10_EpOME","NGBB-Chow control",0.962526319985444,0.99999999998091
"A_9_10_EpOME","Placebo-Chow control",0.856632741184087,0.99999999998091
"A_9_10_EpOME","FMT_NGBB-FMT",0.0626950625887371,0.473547813170249
"A_9_10_EpOME","NGBB-FMT",0.0371185713785798,0.329427320984895
"A_9_10_EpOME","Placebo-FMT",0.57225071177382,0.99999999998091
"A_9_10_EpOME","NGBB-FMT_NGBB",0.998119900958395,0.99999999998091
"A_9_10_EpOME","Placebo-FMT_NGBB",0.634101627904322,0.99999999998091
"A_9_10_EpOME","Placebo-NGBB",0.467326503398021,0.99999999998091
"A_9_12_13_TriHOME","FMT-Chow control",0.591866754067484,0.99999999998091
"A_9_12_13_TriHOME","FMT_NGBB-Chow control",0.995891431507172,0.99999999998091
"A_9_12_13_TriHOME","NGBB-Chow control",0.979684211763957,0.99999999998091
"A_9_12_13_TriHOME","Placebo-Chow control",0.981311435174376,0.99999999998091
"A_9_12_13_TriHOME","FMT_NGBB-FMT",0.772764670754613,0.99999999998091
"A_9_12_13_TriHOME","NGBB-FMT",0.301924165314909,0.99999999998091
"A_9_12_13_TriHOME","Placebo-FMT",0.864682406592824,0.99999999998091
"A_9_12_13_TriHOME","NGBB-FMT_NGBB",0.877741583528489,0.99999999998091
"A_9_12_13_TriHOME","Placebo-FMT_NGBB",0.999677054653105,0.99999999998091
"A_9_12_13_TriHOME","Placebo-NGBB",0.798262318869373,0.99999999998091
"A_9_HOTrE","FMT-Chow control",0.00132040374030074,0.0267853330175292
"A_9_HOTrE","FMT_NGBB-Chow control",0.00564265293020694,0.0801256716089385
"A_9_HOTrE","NGBB-Chow control",0.0335787997111091,0.309622698634902
"A_9_HOTrE","Placebo-Chow control",0.00727741843161478,0.0956845756749351
"A_9_HOTrE","FMT_NGBB-FMT",0.855181955053642,0.99999999998091
"A_9_HOTrE","NGBB-FMT",0.574147054118369,0.99999999998091
"A_9_HOTrE","Placebo-FMT",0.85799759644118,0.99999999998091
"A_9_HOTrE","NGBB-FMT_NGBB",0.976071733161917,0.99999999998091
"A_9_HOTrE","Placebo-FMT_NGBB",0.999999995768244,0.99999999998091
"A_9_HOTrE","Placebo-NGBB",0.979426606189073,0.99999999998091
"A_9_HpODE","FMT-Chow control",0.99864240856844,0.99999999998091
"A_9_HpODE","FMT_NGBB-Chow control",0.993705070209977,0.99999999998091
"A_9_HpODE","NGBB-Chow control",0.99059219693943,0.99999999998091
"A_9_HpODE","Placebo-Chow control",0.772596189142198,0.99999999998091
"A_9_HpODE","FMT_NGBB-FMT",0.999990532926024,0.99999999998091
"A_9_HpODE","NGBB-FMT",0.959284882265041,0.99999999998091
"A_9_HpODE","Placebo-FMT",0.69079320640867,0.99999999998091
"A_9_HpODE","NGBB-FMT_NGBB",0.902365845083334,0.99999999998091
"A_9_HpODE","Placebo-FMT_NGBB",0.505013479802577,0.99999999998091
"A_9_HpODE","Placebo-NGBB",0.954730184346219,0.99999999998091
"A_AEA","FMT-Chow control",0.195945756235511,0.99999999998091
"A_AEA","FMT_NGBB-Chow control",0.103580806905716,0.690893339413141
"A_AEA","NGBB-Chow control",0.82475473087926,0.99999999998091
"A_AEA","Placebo-Chow control",0.51821368596386,0.99999999998091
"A_AEA","FMT_NGBB-FMT",0.999999804947981,0.99999999998091
"A_AEA","NGBB-FMT",0.711808234672533,0.99999999998091
"A_AEA","Placebo-FMT",0.925537501562693,0.99999999998091
"A_AEA","NGBB-FMT_NGBB",0.609210631138414,0.99999999998091
"A_AEA","Placebo-FMT_NGBB",0.892952864487083,0.99999999998091
"A_AEA","Placebo-NGBB",0.985288484279525,0.99999999998091
"A_EPEA","FMT-Chow control",0.997923781247014,0.99999999998091
"A_EPEA","FMT_NGBB-Chow control",0.970280514904676,0.99999999998091
"A_EPEA","NGBB-Chow control",0.91102715291552,0.99999999998091
"A_EPEA","Placebo-Chow control",0.92917146162971,0.99999999998091
"A_EPEA","FMT_NGBB-FMT",0.99931529118713,0.99999999998091
"A_EPEA","NGBB-FMT",0.99156337400559,0.99999999998091
"A_EPEA","Placebo-FMT",0.994631960362383,0.99999999998091
"A_EPEA","NGBB-FMT_NGBB",0.999105528104906,0.99999999998091
"A_EPEA","Placebo-FMT_NGBB",0.999681879395895,0.99999999998091
"A_EPEA","Placebo-NGBB",0.999997621913858,0.99999999998091
"A_FA20.3_w3","FMT-Chow control",0.00231523274500123,0.0421491089474582
"A_FA20.3_w3","FMT_NGBB-Chow control",0.00435427610236694,0.065777362397458
"A_FA20.3_w3","NGBB-Chow control",0.000653126227201706,0.0157757374165313
"A_FA20.3_w3","Placebo-Chow control",0.00154295009080274,0.0296079612018904
"A_FA20.3_w3","FMT_NGBB-FMT",0.947429236507547,0.99999999998091
"A_FA20.3_w3","NGBB-FMT",0.999968015423913,0.99999999998091
"A_FA20.3_w3","Placebo-FMT",0.996679302874192,0.99999999998091
"A_FA20.3_w3","NGBB-FMT_NGBB",0.952935689021881,0.99999999998091
"A_FA20.3_w3","Placebo-FMT_NGBB",0.992559084648121,0.99999999998091
"A_FA20.3_w3","Placebo-NGBB",0.998718168446214,0.99999999998091
"A_FA20.3_w9","FMT-Chow control",0.0164203604997347,0.171890309915292
"A_FA20.3_w9","FMT_NGBB-Chow control",0.000619348921074847,0.0157757374165313
"A_FA20.3_w9","NGBB-Chow control",0.0515491836435481,0.411235060527182
"A_FA20.3_w9","Placebo-Chow control",0.00922444112971965,0.114900933370192
"A_FA20.3_w9","FMT_NGBB-FMT",0.985578966540056,0.99999999998091
"A_FA20.3_w9","NGBB-FMT",0.9351040288391,0.99999999998091
"A_FA20.3_w9","Placebo-FMT",0.999613921584209,0.99999999998091
"A_FA20.3_w9","NGBB-FMT_NGBB",0.574609405198666,0.99999999998091
"A_FA20.3_w9","Placebo-FMT_NGBB",0.923326570197549,0.99999999998091
"A_FA20.3_w9","Placebo-NGBB",0.9647671579224,0.99999999998091
"A_FA20.4_w6","FMT-Chow control",0.00382641637058434,0.0614985345204418
"A_FA20.4_w6","FMT_NGBB-Chow control",0.00480410085065708,0.069610440897276
"A_FA20.4_w6","NGBB-Chow control",0.000360290955814468,0.0102322631451309
"A_FA20.4_w6","Placebo-Chow control",0.00128854290056823,0.0267853330175292
"A_FA20.4_w6","FMT_NGBB-FMT",0.975439579172916,0.99999999998091
"A_FA20.4_w6","NGBB-FMT",0.999433841148336,0.99999999998091
"A_FA20.4_w6","Placebo-FMT",0.999930763080596,0.99999999998091
"A_FA20.4_w6","NGBB-FMT_NGBB",0.882264828118343,0.99999999998091
"A_FA20.4_w6","Placebo-FMT_NGBB",0.984468739627238,0.99999999998091
"A_FA20.4_w6","Placebo-NGBB",0.994357928059459,0.99999999998091
"A_FA20.5_w3","FMT-Chow control",0.0167048329354298,0.171890309915292
"A_FA20.5_w3","FMT_NGBB-Chow control",0.145685576558339,0.861972994636841
"A_FA20.5_w3","NGBB-Chow control",0.27739513044056,0.99999999998091
"A_FA20.5_w3","Placebo-Chow control",0.400358752791845,0.99999999998091
"A_FA20.5_w3","FMT_NGBB-FMT",0.722217212796057,0.99999999998091
"A_FA20.5_w3","NGBB-FMT",0.572780273661427,0.99999999998091
"A_FA20.5_w3","Placebo-FMT",0.444154514026034,0.99999999998091
"A_FA20.5_w3","NGBB-FMT_NGBB",0.99808775532477,0.99999999998091
"A_FA20.5_w3","Placebo-FMT_NGBB",0.982163710338526,0.99999999998091
"A_FA20.5_w3","Placebo-NGBB",0.999294913452925,0.99999999998091
"A_FA22.4_w6","FMT-Chow control",6.24452535329389e-05,0.00221680650041933
"A_FA22.4_w6","FMT_NGBB-Chow control",6.09690207098446e-07,4.8699381311036e-05
"A_FA22.4_w6","NGBB-Chow control",2.14302480538997e-06,0.00013832251016608
"A_FA22.4_w6","Placebo-Chow control",2.25812079641674e-05,0.000943097509091697
"A_FA22.4_w6","FMT_NGBB-FMT",0.989116709480457,0.99999999998091
"A_FA22.4_w6","NGBB-FMT",0.998800644282732,0.99999999998091
"A_FA22.4_w6","Placebo-FMT",0.997226189864809,0.99999999998091
"A_FA22.4_w6","NGBB-FMT_NGBB",0.999344648200209,0.99999999998091
"A_FA22.4_w6","Placebo-FMT_NGBB",0.883889003838368,0.99999999998091
"A_FA22.4_w6","Placebo-NGBB",0.958973471987109,0.99999999998091
"A_FA22.5_w6","FMT-Chow control",0.00137852893746737,0.0271876540444954
"A_FA22.5_w6","FMT_NGBB-Chow control",0.000351863387516804,0.0102322631451309
"A_FA22.5_w6","NGBB-Chow control",5.15580266480242e-07,4.8699381311036e-05
"A_FA22.5_w6","Placebo-Chow control",1.61882145660597e-05,0.000718352021368898
"A_FA22.5_w6","FMT_NGBB-FMT",0.999667178210585,0.99999999998091
"A_FA22.5_w6","NGBB-FMT",0.514657374683127,0.99999999998091
"A_FA22.5_w6","Placebo-FMT",0.95413261591866,0.99999999998091
"A_FA22.5_w6","NGBB-FMT_NGBB",0.255902869497609,0.99999999998091
"A_FA22.5_w6","Placebo-FMT_NGBB",0.835706683565983,0.99999999998091
"A_FA22.5_w6","Placebo-NGBB",0.855860488328028,0.99999999998091
"A_HDCA","FMT-Chow control",0.902230494931166,0.99999999998091
"A_HDCA","FMT_NGBB-Chow control",0.869675606743086,0.99999999998091
"A_HDCA","NGBB-Chow control",0.82934417656599,0.99999999998091
"A_HDCA","Placebo-Chow control",0.969730182274032,0.99999999998091
"A_HDCA","FMT_NGBB-FMT",0.999998525196818,0.99999999998091
"A_HDCA","NGBB-FMT",0.999998877301795,0.99999999998091
"A_HDCA","Placebo-FMT",0.997425093327531,0.99999999998091
"A_HDCA","NGBB-FMT_NGBB",0.999964276659064,0.99999999998091
"A_HDCA","Placebo-FMT_NGBB",0.997578686768579,0.99999999998091
"A_HDCA","Placebo-NGBB",0.993003845926452,0.99999999998091
"A_NO2_aLA","FMT-Chow control",0.963626005488026,0.99999999998091
"A_NO2_aLA","FMT_NGBB-Chow control",0.486036028340745,0.99999999998091
"A_NO2_aLA","NGBB-Chow control",0.972633197775155,0.99999999998091
"A_NO2_aLA","Placebo-Chow control",0.504955956564957,0.99999999998091
"A_NO2_aLA","FMT_NGBB-FMT",0.941018459646364,0.99999999998091
"A_NO2_aLA","NGBB-FMT",0.999947517282532,0.99999999998091
"A_NO2_aLA","Placebo-FMT",0.94342846664111,0.99999999998091
"A_NO2_aLA","NGBB-FMT_NGBB",0.851239238501312,0.99999999998091
"A_NO2_aLA","Placebo-FMT_NGBB",0.999999999949999,0.99999999998091
"A_NO2_aLA","Placebo-NGBB",0.859068716499293,0.99999999998091
"A_PGE2","FMT-Chow control",0.978333736240531,0.99999999998091
"A_PGE2","FMT_NGBB-Chow control",0.323579101914218,0.99999999998091
"A_PGE2","NGBB-Chow control",0.977362132741164,0.99999999998091
"A_PGE2","Placebo-Chow control",0.69392790321552,0.99999999998091
"A_PGE2","FMT_NGBB-FMT",0.806505548100246,0.99999999998091
"A_PGE2","NGBB-FMT",0.813298577311694,0.99999999998091
"A_PGE2","Placebo-FMT",0.978642522479849,0.99999999998091
"A_PGE2","NGBB-FMT_NGBB",0.106066723938074,0.690893339413141
"A_PGE2","Placebo-FMT_NGBB",0.975944809272541,0.99999999998091
"A_PGE2","Placebo-NGBB",0.343187735443163,0.99999999998091
"A_TCA","FMT-Chow control",0.720556552896289,0.99999999998091
"A_TCA","FMT_NGBB-Chow control",0.53807785626543,0.99999999998091
"A_TCA","NGBB-Chow control",0.962337361529478,0.99999999998091
"A_TCA","Placebo-Chow control",0.930587733966628,0.99999999998091
"A_TCA","FMT_NGBB-FMT",0.99998841773658,0.99999999998091
"A_TCA","NGBB-FMT",0.963051515594997,0.99999999998091
"A_TCA","Placebo-FMT",0.303744410094106,0.99999999998091
"A_TCA","NGBB-FMT_NGBB",0.908265147090162,0.99999999998091
"A_TCA","Placebo-FMT_NGBB",0.144700054674355,0.861972994636841
"A_TCA","Placebo-NGBB",0.59073585624827,0.99999999998091
"A_TCDCA","FMT-Chow control",0.122600929133102,0.770324421986749
"A_TCDCA","FMT_NGBB-Chow control",0.0578124801129345,0.451064405276742
"A_TCDCA","NGBB-Chow control",0.0499288670975558,0.40752897341302
"A_TCDCA","Placebo-Chow control",0.00778984024645979,0.0987640459819009
"A_TCDCA","FMT_NGBB-FMT",0.999999097976077,0.99999999998091
"A_TCDCA","NGBB-FMT",0.999996508003609,0.99999999998091
"A_TCDCA","Placebo-FMT",0.959617069991864,0.99999999998091
"A_TCDCA","NGBB-FMT_NGBB",0.999947662996349,0.99999999998091
"A_TCDCA","Placebo-FMT_NGBB",0.916974634056287,0.99999999998091
"A_TCDCA","Placebo-NGBB",0.955072345172834,0.99999999998091
"A_TDCA","FMT-Chow control",0.986558975834836,0.99999999998091
"A_TDCA","FMT_NGBB-Chow control",0.886905582302556,0.99999999998091
"A_TDCA","NGBB-Chow control",0.601573617285016,0.99999999998091
"A_TDCA","Placebo-Chow control",0.38529841743278,0.99999999998091
"A_TDCA","FMT_NGBB-FMT",0.998246004703254,0.99999999998091
"A_TDCA","NGBB-FMT",0.937581695870554,0.99999999998091
"A_TDCA","Placebo-FMT",0.813827551613134,0.99999999998091
"A_TDCA","NGBB-FMT_NGBB",0.980751159782333,0.99999999998091
"A_TDCA","Placebo-FMT_NGBB",0.888800581962232,0.99999999998091
"A_TDCA","Placebo-NGBB",0.996498367596763,0.99999999998091
"A_THDCA","FMT-Chow control",0.999123957768983,0.99999999998091
"A_THDCA","FMT_NGBB-Chow control",0.999970115861571,0.99999999998091
"A_THDCA","NGBB-Chow control",0.660678988691472,0.99999999998091
"A_THDCA","Placebo-Chow control",0.323776460418354,0.99999999998091
"A_THDCA","FMT_NGBB-FMT",0.999848604044902,0.99999999998091
"A_THDCA","NGBB-FMT",0.604912879518059,0.99999999998091
"A_THDCA","Placebo-FMT",0.312312072455917,0.99999999998091
"A_THDCA","NGBB-FMT_NGBB",0.575716540682524,0.99999999998091
"A_THDCA","Placebo-FMT_NGBB",0.253412144055712,0.99999999998091
"A_THDCA","Placebo-NGBB",0.979718031162444,0.99999999998091
"A_TLCA","FMT-Chow control",0.639712611947693,0.99999999998091
"A_TLCA","FMT_NGBB-Chow control",0.0231888420329069,0.227317905064901
"A_TLCA","NGBB-Chow control",0.387104473814714,0.99999999998091
"A_TLCA","Placebo-Chow control",0.229604371451033,0.99999999998091
"A_TLCA","FMT_NGBB-FMT",0.662995675390877,0.99999999998091
"A_TLCA","NGBB-FMT",0.999631888270918,0.99999999998091
"A_TLCA","Placebo-FMT",0.988603912918933,0.99999999998091
"A_TLCA","NGBB-FMT_NGBB",0.689611347600048,0.99999999998091
"A_TLCA","Placebo-FMT_NGBB",0.86413373936925,0.99999999998091
"A_TLCA","Placebo-NGBB",0.997627685716124,0.99999999998091
"A_TUDCA","FMT-Chow control",0.0598916768147673,0.459317676374513
"A_TUDCA","FMT_NGBB-Chow control",0.0110812217557185,0.135649438733795
"A_TUDCA","NGBB-Chow control",0.0192672545739542,0.195425010678678
"A_TUDCA","Placebo-Chow control",0.00311624643648178,0.0514543016256295
"A_TUDCA","FMT_NGBB-FMT",0.999700985369181,0.99999999998091
"A_TUDCA","NGBB-FMT",0.999994044339137,0.99999999998091
"A_TUDCA","Placebo-FMT",0.968344605618273,0.99999999998091
"A_TUDCA","NGBB-FMT_NGBB",0.999925069424442,0.99999999998091
"A_TUDCA","Placebo-FMT_NGBB",0.984802983928729,0.99999999998091
"A_TUDCA","Placebo-NGBB",0.967478819322236,0.99999999998091
"A_LPI16.1","FMT-Chow control",0.974623595317029,0.99999999998091
"A_LPI16.1","FMT_NGBB-Chow control",0.936839342745593,0.99999999998091
"A_LPI16.1","NGBB-Chow control",0.580524029054699,0.99999999998091
"A_LPI16.1","Placebo-Chow control",0.338917019064975,0.99999999998091
"A_LPI16.1","FMT_NGBB-FMT",0.999994083276256,0.99999999998091
"A_LPI16.1","NGBB-FMT",0.95405067804411,0.99999999998091
"A_LPI16.1","Placebo-FMT",0.823488468172118,0.99999999998091
"A_LPI16.1","NGBB-FMT_NGBB",0.946561785926889,0.99999999998091
"A_LPI16.1","Placebo-FMT_NGBB",0.77778746680829,0.99999999998091
"A_LPI16.1","Placebo-NGBB",0.994074008982703,0.99999999998091
"A_LPE18.2","FMT-Chow control",0.0369857988992769,0.329427320984895
"A_LPE18.2","FMT_NGBB-Chow control",0.00300745602646268,0.0514543016256295
"A_LPE18.2","NGBB-Chow control",0.0922523005597565,0.623801270451687
"A_LPE18.2","Placebo-Chow control",0.18841614232029,0.99999999998091
"A_LPE18.2","FMT_NGBB-FMT",0.995274553093903,0.99999999998091
"A_LPE18.2","NGBB-FMT",0.957535981396373,0.99999999998091
"A_LPE18.2","Placebo-FMT",0.855592382725425,0.99999999998091
"A_LPE18.2","NGBB-FMT_NGBB",0.730310418517706,0.99999999998091
"A_LPE18.2","Placebo-FMT_NGBB",0.51062626621498,0.99999999998091
"A_LPE18.2","Placebo-NGBB",0.996784811591507,0.99999999998091
"A_LPA16.0","FMT-Chow control",0.994684547659247,0.99999999998091
"A_LPA16.0","FMT_NGBB-Chow control",0.931415866294542,0.99999999998091
"A_LPA16.0","NGBB-Chow control",0.467898078828624,0.99999999998091
"A_LPA16.0","Placebo-Chow control",0.912632608699008,0.99999999998091
"A_LPA16.0","FMT_NGBB-FMT",0.998302369792396,0.99999999998091
"A_LPA16.0","NGBB-FMT",0.821295283284517,0.99999999998091
"A_LPA16.0","Placebo-FMT",0.996421369956098,0.99999999998091
"A_LPA16.0","NGBB-FMT_NGBB",0.894356851619419,0.99999999998091
"A_LPA16.0","Placebo-FMT_NGBB",0.999991490058064,0.99999999998091
"A_LPA16.0","Placebo-NGBB",0.926882462357674,0.99999999998091
"A_LPE20.5","FMT-Chow control",0.0784220289705381,0.562420611808909
"A_LPE20.5","FMT_NGBB-Chow control",0.00112755294553535,0.0242594724645484
"A_LPE20.5","NGBB-Chow control",0.134192501143805,0.828492833148706
"A_LPE20.5","Placebo-Chow control",0.19196095693774,0.99999999998091
"A_LPE20.5","FMT_NGBB-FMT",0.861312727840208,0.99999999998091
"A_LPE20.5","NGBB-FMT",0.983693635407475,0.99999999998091
"A_LPE20.5","Placebo-FMT",0.957530676252906,0.99999999998091
"A_LPE20.5","NGBB-FMT_NGBB",0.422708256662431,0.99999999998091
"A_LPE20.5","Placebo-FMT_NGBB",0.320871196244981,0.99999999998091
"A_LPE20.5","Placebo-NGBB",0.999749756788576,0.99999999998091
"A_LPA18.0","FMT-Chow control",0.927316802119471,0.99999999998091
"A_LPA18.0","FMT_NGBB-Chow control",0.999693940024629,0.99999999998091
"A_LPA18.0","NGBB-Chow control",0.973790827190838,0.99999999998091
"A_LPA18.0","Placebo-Chow control",0.999903361202849,0.99999999998091
"A_LPA18.0","FMT_NGBB-FMT",0.965295156168732,0.99999999998091
"A_LPA18.0","NGBB-FMT",0.668557969802164,0.99999999998091
"A_LPA18.0","Placebo-FMT",0.882875259516611,0.99999999998091
"A_LPA18.0","NGBB-FMT_NGBB",0.927029409338136,0.99999999998091
"A_LPA18.0","Placebo-FMT_NGBB",0.99714740826542,0.99999999998091
"A_LPA18.0","Placebo-NGBB",0.990383631398478,0.99999999998091
"A_LPI16.0","FMT-Chow control",0.259948498173287,0.99999999998091
"A_LPI16.0","FMT_NGBB-Chow control",0.498959253924906,0.99999999998091
"A_LPI16.0","NGBB-Chow control",0.594421865595052,0.99999999998091
"A_LPI16.0","Placebo-Chow control",0.236008654517925,0.99999999998091
"A_LPI16.0","FMT_NGBB-FMT",0.96206417550351,0.99999999998091
"A_LPI16.0","NGBB-FMT",0.94007204207439,0.99999999998091
"A_LPI16.0","Placebo-FMT",0.999677245867639,0.99999999998091
"A_LPI16.0","NGBB-FMT_NGBB",0.9999504984713,0.99999999998091
"A_LPI16.0","Placebo-FMT_NGBB",0.982799950063936,0.99999999998091
"A_LPI16.0","Placebo-NGBB",0.966686590858842,0.99999999998091
"A_LPA20.3","FMT-Chow control",0.790610971410852,0.99999999998091
"A_LPA20.3","FMT_NGBB-Chow control",0.157500912145554,0.901819738897928
"A_LPA20.3","NGBB-Chow control",0.45008194998237,0.99999999998091
"A_LPA20.3","Placebo-Chow control",0.137439405298563,0.83403399796564
"A_LPA20.3","FMT_NGBB-FMT",0.900454192812252,0.99999999998091
"A_LPA20.3","NGBB-FMT",0.996228689512855,0.99999999998091
"A_LPA20.3","Placebo-FMT",0.865229153078041,0.99999999998091
"A_LPA20.3","NGBB-FMT_NGBB",0.975698440852457,0.99999999998091
"A_LPA20.3","Placebo-FMT_NGBB",0.999953283241142,0.99999999998091
"A_LPA20.3","Placebo-NGBB",0.95650504288633,0.99999999998091
"A_LPI18.2","FMT-Chow control",2.86885696931805e-06,0.000169740704017984
"A_LPI18.2","FMT_NGBB-Chow control",5.19727629821887e-08,6.15011028622566e-06
"A_LPI18.2","NGBB-Chow control",4.05180606954936e-06,0.000221290946875388
"A_LPI18.2","Placebo-Chow control",8.55934691013083e-07,6.07713630619289e-05
"A_LPI18.2","FMT_NGBB-FMT",0.999750135100576,0.99999999998091
"A_LPI18.2","NGBB-FMT",0.931284540688287,0.99999999998091
"A_LPI18.2","Placebo-FMT",0.994504584150628,0.99999999998091
"A_LPI18.2","NGBB-FMT_NGBB",0.792446548283769,0.99999999998091
"A_LPI18.2","Placebo-FMT_NGBB",0.962327614629206,0.99999999998091
"A_LPI18.2","Placebo-NGBB",0.991411382272026,0.99999999998091
"A_LPA20.5","FMT-Chow control",0.105113703213112,0.690893339413141
"A_LPA20.5","FMT_NGBB-Chow control",0.151355282378054,0.888117772631556
"A_LPA20.5","NGBB-Chow control",0.104476785315907,0.690893339413141
"A_LPA20.5","Placebo-Chow control",0.0458542609343598,0.387577681707089
"A_LPA20.5","FMT_NGBB-FMT",0.986720160273414,0.99999999998091
"A_LPA20.5","NGBB-FMT",0.998306487472123,0.99999999998091
"A_LPA20.5","Placebo-FMT",0.999999956977557,0.99999999998091
"A_LPA20.5","NGBB-FMT_NGBB",0.999335779297299,0.99999999998091
"A_LPA20.5","Placebo-FMT_NGBB",0.974942165596328,0.99999999998091
"A_LPA20.5","Placebo-NGBB",0.996401793862497,0.99999999998091
"A_LPE18.1","FMT-Chow control",0.998034945822287,0.99999999998091
"A_LPE18.1","FMT_NGBB-Chow control",0.991406965453784,0.99999999998091
"A_LPE18.1","NGBB-Chow control",0.995916023394494,0.99999999998091
"A_LPE18.1","Placebo-Chow control",0.948850231403155,0.99999999998091
"A_LPE18.1","FMT_NGBB-FMT",0.954635351411991,0.99999999998091
"A_LPE18.1","NGBB-FMT",0.999999964201828,0.99999999998091
"A_LPE18.1","Placebo-FMT",0.997134307942029,0.99999999998091
"A_LPE18.1","NGBB-FMT_NGBB",0.921672323376047,0.99999999998091
"A_LPE18.1","Placebo-FMT_NGBB",0.756010341844031,0.99999999998091
"A_LPE18.1","Placebo-NGBB",0.996308849479935,0.99999999998091
"A_LPE22.4","FMT-Chow control",0.112826307276925,0.721681785284838
"A_LPE22.4","FMT_NGBB-Chow control",0.0903846324711575,0.623039699558464
"A_LPE22.4","NGBB-Chow control",0.05596365475043,0.441491054142281
"A_LPE22.4","Placebo-Chow control",0.0132353521965619,0.149160318405698
"A_LPE22.4","FMT_NGBB-FMT",0.999034170297636,0.99999999998091
"A_LPE22.4","NGBB-FMT",0.999999968079535,0.99999999998091
"A_LPE22.4","Placebo-FMT",0.989278858496105,0.99999999998091
"A_LPE22.4","NGBB-FMT_NGBB",0.998820081335782,0.99999999998091
"A_LPE22.4","Placebo-FMT_NGBB",0.916551035717588,0.99999999998091
"A_LPE22.4","Placebo-NGBB",0.98011979128306,0.99999999998091
"A_LPI18.1","FMT-Chow control",0.55667310564162,0.99999999998091
"A_LPI18.1","FMT_NGBB-Chow control",0.067762127967085,0.501157404756566
"A_LPI18.1","NGBB-Chow control",0.00672339124844101,0.0918001497383292
"A_LPI18.1","Placebo-Chow control",0.0273445908167127,0.261837344617845
"A_LPI18.1","FMT_NGBB-FMT",0.918534847943882,0.99999999998091
"A_LPI18.1","NGBB-FMT",0.474656504724642,0.99999999998091
"A_LPI18.1","Placebo-FMT",0.75308271626116,0.99999999998091
"A_LPI18.1","NGBB-FMT_NGBB",0.871759152211447,0.99999999998091
"A_LPI18.1","Placebo-FMT_NGBB",0.992260425291225,0.99999999998091
"A_LPI18.1","Placebo-NGBB",0.985698444908706,0.99999999998091
"A_LPI22.6","FMT-Chow control",0.653875706747487,0.99999999998091
"A_LPI22.6","FMT_NGBB-Chow control",0.288865093287012,0.99999999998091
"A_LPI22.6","NGBB-Chow control",0.665015401448692,0.99999999998091
"A_LPI22.6","Placebo-Chow control",0.5411568066763,0.99999999998091
"A_LPI22.6","FMT_NGBB-FMT",0.996400504931781,0.99999999998091
"A_LPI22.6","NGBB-FMT",0.999772848025248,0.99999999998091
"A_LPI22.6","Placebo-FMT",0.99999999998091,0.99999999998091
"A_LPI22.6","NGBB-FMT_NGBB",0.9725619318399,0.99999999998091
"A_LPI22.6","Placebo-FMT_NGBB",0.993850943986404,0.99999999998091
"A_LPI22.6","Placebo-NGBB",0.999650681322872,0.99999999998091
"A_LPA18.1","FMT-Chow control",0.0601641463420136,0.459317676374513
"A_LPA18.1","FMT_NGBB-Chow control",0.116254282851929,0.736969114507764
"A_LPA18.1","NGBB-Chow control",0.0799659552589512,0.567758282338554
"A_LPA18.1","Placebo-Chow control",0.0276588744314625,0.261837344617845
"A_LPA18.1","FMT_NGBB-FMT",0.967451197788598,0.99999999998091
"A_LPA18.1","NGBB-FMT",0.992352016039688,0.99999999998091
"A_LPA18.1","Placebo-FMT",0.999998679288737,0.99999999998091
"A_LPA18.1","NGBB-FMT_NGBB",0.999384978329253,0.99999999998091
"A_LPA18.1","Placebo-FMT_NGBB",0.961041157316334,0.99999999998091
"A_LPA18.1","Placebo-NGBB",0.992148613070576,0.99999999998091
"A_LPA22.4","FMT-Chow control",0.135545358564119,0.82963107397004
"A_LPA22.4","FMT_NGBB-Chow control",0.323962141690511,0.99999999998091
"A_LPA22.4","NGBB-Chow control",0.209894058134813,0.99999999998091
"A_LPA22.4","Placebo-Chow control",0.200424323568328,0.99999999998091
"A_LPA22.4","FMT_NGBB-FMT",0.943093772840846,0.99999999998091
"A_LPA22.4","NGBB-FMT",0.98882163509286,0.99999999998091
"A_LPA22.4","Placebo-FMT",0.990633555342576,0.99999999998091
"A_LPA22.4","NGBB-FMT_NGBB",0.998183094003071,0.99999999998091
"A_LPA22.4","Placebo-FMT_NGBB",0.997503746273052,0.99999999998091
"A_LPA22.4","Placebo-NGBB",0.999999909719749,0.99999999998091
"A_LPG18.1","FMT-Chow control",0.398489246456089,0.99999999998091
"A_LPG18.1","FMT_NGBB-Chow control",0.164279816457452,0.925703727657073
"A_LPG18.1","NGBB-Chow control",0.109564030329765,0.707186013946667
"A_LPG18.1","Placebo-Chow control",0.0705481764228068,0.514913433919366
"A_LPG18.1","FMT_NGBB-FMT",0.999565502882266,0.99999999998091
"A_LPG18.1","NGBB-FMT",0.993202848780183,0.99999999998091
"A_LPG18.1","Placebo-FMT",0.975096650893981,0.99999999998091
"A_LPG18.1","NGBB-FMT_NGBB",0.999098353094343,0.99999999998091
"A_LPG18.1","Placebo-FMT_NGBB",0.991061657364798,0.99999999998091
"A_LPG18.1","Placebo-NGBB",0.99964605795098,0.99999999998091
"A_LPG20.4","FMT-Chow control",0.923787036364625,0.99999999998091
"A_LPG20.4","FMT_NGBB-Chow control",0.463199090847342,0.99999999998091
"A_LPG20.4","NGBB-Chow control",0.806908508740258,0.99999999998091
"A_LPG20.4","Placebo-Chow control",0.732631231111003,0.99999999998091
"A_LPG20.4","FMT_NGBB-FMT",0.969045722576368,0.99999999998091
"A_LPG20.4","NGBB-FMT",0.999881899637034,0.99999999998091
"A_LPG20.4","Placebo-FMT",0.998807663716249,0.99999999998091
"A_LPG20.4","NGBB-FMT_NGBB",0.981825724680619,0.99999999998091
"A_LPG20.4","Placebo-FMT_NGBB",0.993934469567064,0.99999999998091
"A_LPG20.4","Placebo-NGBB",0.999922331673607,0.99999999998091
"A_Sphingosine1P18.2","FMT-Chow control",0.979016961325143,0.99999999998091
"A_Sphingosine1P18.2","FMT_NGBB-Chow control",0.382323139058318,0.99999999998091
"A_Sphingosine1P18.2","NGBB-Chow control",0.987622417633808,0.99999999998091
"A_Sphingosine1P18.2","Placebo-Chow control",0.907443785943398,0.99999999998091
"A_Sphingosine1P18.2","FMT_NGBB-FMT",0.850680475777778,0.99999999998091
"A_Sphingosine1P18.2","NGBB-FMT",0.852521062333144,0.99999999998091
"A_Sphingosine1P18.2","Placebo-FMT",0.999655694762798,0.99999999998091
"A_Sphingosine1P18.2","NGBB-FMT_NGBB",0.159863304852705,0.908023571563363
"A_Sphingosine1P18.2","Placebo-FMT_NGBB",0.887623888459299,0.99999999998091
"A_Sphingosine1P18.2","Placebo-NGBB",0.655475076165107,0.99999999998091
"A_LPG14.0","FMT-Chow control",0.012034532460786,0.142408634119301
"A_LPG14.0","FMT_NGBB-Chow control",0.0077053392468297,0.0987640459819009
"A_LPG14.0","NGBB-Chow control",0.000104530877267472,0.00353413918380502
"A_LPG14.0","Placebo-Chow control",0.000937225644184414,0.0207946939803417
"A_LPG14.0","FMT_NGBB-FMT",0.99731950043556,0.99999999998091
"A_LPG14.0","NGBB-FMT",0.874014133020917,0.99999999998091
"A_LPG14.0","Placebo-FMT",0.996376302459224,0.99999999998091
"A_LPG14.0","NGBB-FMT_NGBB",0.579017628878604,0.99999999998091
"A_LPG14.0","Placebo-FMT_NGBB",0.931883430337465,0.99999999998091
"A_LPG14.0","Placebo-NGBB",0.96062362693618,0.99999999998091
"A_LPE22.6","FMT-Chow control",0.79263862546203,0.99999999998091
"A_LPE22.6","FMT_NGBB-Chow control",0.284376905544574,0.99999999998091
"A_LPE22.6","NGBB-Chow control",0.0437846056332954,0.379110609751704
"A_LPE22.6","Placebo-Chow control",0.0815410889852245,0.573209635440687
"A_LPE22.6","FMT_NGBB-FMT",0.973256666967756,0.99999999998091
"A_LPE22.6","NGBB-FMT",0.615169871117109,0.99999999998091
"A_LPE22.6","Placebo-FMT",0.755762762370417,0.99999999998091
"A_LPE22.6","NGBB-FMT_NGBB",0.872178371338632,0.99999999998091
"A_LPE22.6","Placebo-FMT_NGBB",0.957905753639768,0.99999999998091
"A_LPE22.6","Placebo-NGBB",0.998897519975782,0.99999999998091
"A_LPE16.1","FMT-Chow control",0.981716717133348,0.99999999998091
"A_LPE16.1","FMT_NGBB-Chow control",0.972952966462644,0.99999999998091
"A_LPE16.1","NGBB-Chow control",0.996851914501079,0.99999999998091
"A_LPE16.1","Placebo-Chow control",0.926288151611753,0.99999999998091
"A_LPE16.1","FMT_NGBB-FMT",0.810103924243328,0.99999999998091
"A_LPE16.1","NGBB-FMT",0.999195662043194,0.99999999998091
"A_LPE16.1","Placebo-FMT",0.999820017820826,0.99999999998091
"A_LPE16.1","NGBB-FMT_NGBB",0.87085659488866,0.99999999998091
"A_LPE16.1","Placebo-FMT_NGBB",0.607752577662116,0.99999999998091
"A_LPE16.1","Placebo-NGBB",0.990088465047376,0.99999999998091
"A_LPG20.3","FMT-Chow control",0.0233721226334335,0.227317905064901
"A_LPG20.3","FMT_NGBB-Chow control",0.0500735728260489,0.40752897341302
"A_LPG20.3","NGBB-Chow control",0.00707175118558268,0.0947347800332773
"A_LPG20.3","Placebo-Chow control",0.0197404787923242,0.197404787923242
"A_LPG20.3","FMT_NGBB-FMT",0.95523296544025,0.99999999998091
"A_LPG20.3","NGBB-FMT",0.99999999358241,0.99999999998091
"A_LPG20.3","Placebo-FMT",0.997810185041211,0.99999999998091
"A_LPG20.3","NGBB-FMT_NGBB",0.92513191042747,0.99999999998091
"A_LPG20.3","Placebo-FMT_NGBB",0.992316294629893,0.99999999998091
"A_LPG20.3","Placebo-NGBB",0.995832779991225,0.99999999998091
"A_LPI22.4","FMT-Chow control",0.998332245207316,0.99999999998091
"A_LPI22.4","FMT_NGBB-Chow control",0.874668080071158,0.99999999998091
"A_LPI22.4","NGBB-Chow control",0.999769020670777,0.99999999998091
"A_LPI22.4","Placebo-Chow control",0.999970248145156,0.99999999998091
"A_LPI22.4","FMT_NGBB-FMT",0.982872477659212,0.99999999998091
"A_LPI22.4","NGBB-FMT",0.991277891352973,0.99999999998091
"A_LPI22.4","Placebo-FMT",0.995105787606166,0.99999999998091
"A_LPI22.4","NGBB-FMT_NGBB",0.787908939369201,0.99999999998091
"A_LPI22.4","Placebo-FMT_NGBB",0.825398554246937,0.99999999998091
"A_LPI22.4","Placebo-NGBB",0.999993859211566,0.99999999998091
"A_LPG18.0","FMT-Chow control",0.0920172724906246,0.623801270451687
"A_LPG18.0","FMT_NGBB-Chow control",0.237765309496992,0.99999999998091
"A_LPG18.0","NGBB-Chow control",0.20342796668869,0.99999999998091
"A_LPG18.0","Placebo-Chow control",0.181183429316642,0.99999999998091
"A_LPG18.0","FMT_NGBB-FMT",0.936866838244865,0.99999999998091
"A_LPG18.0","NGBB-FMT",0.966432130203695,0.99999999998091
"A_LPG18.0","Placebo-FMT",0.975535583115009,0.99999999998091
"A_LPG18.0","NGBB-FMT_NGBB",0.999927303416325,0.99999999998091
"A_LPG18.0","Placebo-FMT_NGBB",0.99966281768453,0.99999999998091
"A_LPG18.0","Placebo-NGBB",0.999996681581691,0.99999999998091
"A_Sphinganine1P18.0","FMT-Chow control",0.88051527506873,0.99999999998091
"A_Sphinganine1P18.0","FMT_NGBB-Chow control",0.984068421096397,0.99999999998091
"A_Sphinganine1P18.0","NGBB-Chow control",0.715842765813526,0.99999999998091
"A_Sphinganine1P18.0","Placebo-Chow control",0.875737348422678,0.99999999998091
"A_Sphinganine1P18.0","FMT_NGBB-FMT",0.987864716547588,0.99999999998091
"A_Sphinganine1P18.0","NGBB-FMT",0.99978679956799,0.99999999998091
"A_Sphinganine1P18.0","Placebo-FMT",0.99997602261041,0.99999999998091
"A_Sphinganine1P18.0","NGBB-FMT_NGBB",0.940530911883693,0.99999999998091
"A_Sphinganine1P18.0","Placebo-FMT_NGBB",0.991783329004371,0.99999999998091
"A_Sphinganine1P18.0","Placebo-NGBB",0.997888745129454,0.99999999998091
"A_LPE20.4","FMT-Chow control",0.960791967912593,0.99999999998091
"A_LPE20.4","FMT_NGBB-Chow control",0.588307607184563,0.99999999998091
"A_LPE20.4","NGBB-Chow control",0.412678811486082,0.99999999998091
"A_LPE20.4","Placebo-Chow control",0.475852892429833,0.99999999998091
"A_LPE20.4","FMT_NGBB-FMT",0.974207344977015,0.99999999998091
"A_LPE20.4","NGBB-FMT",0.906222074542058,0.99999999998091
"A_LPE20.4","Placebo-FMT",0.935935518148586,0.99999999998091
"A_LPE20.4","NGBB-FMT_NGBB",0.997552335598368,0.99999999998091
"A_LPE20.4","Placebo-FMT_NGBB",0.999505427052918,0.99999999998091
"A_LPE20.4","Placebo-NGBB",0.999970528237842,0.99999999998091
"A_LPE20.3","FMT-Chow control",0.087818735151763,0.611287274095605
"A_LPE20.3","FMT_NGBB-Chow control",0.296123235755365,0.99999999998091
"A_LPE20.3","NGBB-Chow control",0.0635242997185709,0.474760555791424
"A_LPE20.3","Placebo-Chow control",0.0163517450746291,0.171890309915292
"A_LPE20.3","FMT_NGBB-FMT",0.892439561205569,0.99999999998091
"A_LPE20.3","NGBB-FMT",0.999748557546072,0.99999999998091
"A_LPE20.3","Placebo-FMT",0.998366075455661,0.99999999998091
"A_LPE20.3","NGBB-FMT_NGBB",0.921766713072828,0.99999999998091
"A_LPE20.3","Placebo-FMT_NGBB",0.648153361202193,0.99999999998091
"A_LPE20.3","Placebo-NGBB",0.983084738423001,0.99999999998091
"A_LPG16.1","FMT-Chow control",0.0365839934738159,0.329427320984895
"A_LPG16.1","FMT_NGBB-Chow control",0.0162389421688047,0.171890309915292
"A_LPG16.1","NGBB-Chow control",0.000252470080944311,0.00779364162915048
"A_LPG16.1","Placebo-Chow control",0.000559093459715165,0.0152675521691449
"A_LPG16.1","FMT_NGBB-FMT",0.999914030668829,0.99999999998091
"A_LPG16.1","NGBB-FMT",0.785152451159314,0.99999999998091
"A_LPG16.1","Placebo-FMT",0.886969796787432,0.99999999998091
"A_LPG16.1","NGBB-FMT_NGBB",0.582227068963425,0.99999999998091
"A_LPG16.1","Placebo-FMT_NGBB",0.736581889301086,0.99999999998091
"A_LPG16.1","Placebo-NGBB",0.999162149726556,0.99999999998091
"A_LPE14.0","FMT-Chow control",0.917114212557953,0.99999999998091
"A_LPE14.0","FMT_NGBB-Chow control",0.570298202025456,0.99999999998091
"A_LPE14.0","NGBB-Chow control",0.83203826402618,0.99999999998091
"A_LPE14.0","Placebo-Chow control",0.999733817183608,0.99999999998091
"A_LPE14.0","FMT_NGBB-FMT",0.99047323695846,0.99999999998091
"A_LPE14.0","NGBB-FMT",0.99998784984513,0.99999999998091
"A_LPE14.0","Placebo-FMT",0.853582306452926,0.99999999998091
"A_LPE14.0","NGBB-FMT_NGBB",0.992889469610079,0.99999999998091
"A_LPE14.0","Placebo-FMT_NGBB",0.453570806060923,0.99999999998091
"A_LPE14.0","Placebo-NGBB",0.733431214352491,0.99999999998091
"A_cLPA18.2","FMT-Chow control",0.00305534259055562,0.0514543016256295
"A_cLPA18.2","FMT_NGBB-Chow control",6.41895198749687e-06,0.000325532565080198
"A_cLPA18.2","NGBB-Chow control",0.0487278609525907,0.407020956192229
"A_cLPA18.2","Placebo-Chow control",0.0028685510348464,0.0509167808685236
"A_cLPA18.2","FMT_NGBB-FMT",0.797388287491909,0.99999999998091
"A_cLPA18.2","NGBB-FMT",0.663339050183466,0.99999999998091
"A_cLPA18.2","Placebo-FMT",0.992164884712838,0.99999999998091
"A_cLPA18.2","NGBB-FMT_NGBB",0.0505106333244306,0.40752897341302
"A_cLPA18.2","Placebo-FMT_NGBB",0.398404229438087,0.99999999998091
"A_cLPA18.2","Placebo-NGBB",0.83906157798063,0.99999999998091
"A_LPS22.4","FMT-Chow control",0.655040713191188,0.99999999998091
"A_LPS22.4","FMT_NGBB-Chow control",0.997987374518331,0.99999999998091
"A_LPS22.4","NGBB-Chow control",0.816910211174531,0.99999999998091
"A_LPS22.4","Placebo-Chow control",0.448000953778319,0.99999999998091
"A_LPS22.4","FMT_NGBB-FMT",0.798486442439185,0.99999999998091
"A_LPS22.4","NGBB-FMT",0.993840261925707,0.99999999998091
"A_LPS22.4","Placebo-FMT",0.999928744242092,0.99999999998091
"A_LPS22.4","NGBB-FMT_NGBB",0.931213552715042,0.99999999998091
"A_LPS22.4","Placebo-FMT_NGBB",0.616908493902523,0.99999999998091
"A_LPS22.4","Placebo-NGBB",0.971970244379979,0.99999999998091
"A_LPG22.6","FMT-Chow control",0.999711763765162,0.99999999998091
"A_LPG22.6","FMT_NGBB-Chow control",0.989576697517656,0.99999999998091
"A_LPG22.6","NGBB-Chow control",0.747296802863855,0.99999999998091
"A_LPG22.6","Placebo-Chow control",0.618638717051611,0.99999999998091
"A_LPG22.6","FMT_NGBB-FMT",0.999432829567857,0.99999999998091
"A_LPG22.6","NGBB-FMT",0.903987984884398,0.99999999998091
"A_LPG22.6","Placebo-FMT",0.82385635298284,0.99999999998091
"A_LPG22.6","NGBB-FMT_NGBB",0.940196259153288,0.99999999998091
"A_LPG22.6","Placebo-FMT_NGBB",0.863555252616645,0.99999999998091
"A_LPG22.6","Placebo-NGBB",0.999532442725531,0.99999999998091
"A_FA18.3_w6","FMT-Chow control",2.78666634190294e-05,0.00107954429824855
"A_FA18.3_w6","FMT_NGBB-Chow control",7.49494621921087e-09,1.33035295390993e-06
"A_FA18.3_w6","NGBB-Chow control",6.17316101125809e-07,4.8699381311036e-05
"A_FA18.3_w6","Placebo-Chow control",8.47358103794882e-06,0.000401082835796244
"A_FA18.3_w6","FMT_NGBB-FMT",0.665726251078733,0.99999999998091
"A_FA18.3_w6","NGBB-FMT",0.996810450291122,0.99999999998091
"A_FA18.3_w6","Placebo-FMT",0.997641657360146,0.99999999998091
"A_FA18.3_w6","NGBB-FMT_NGBB",0.789815328587709,0.99999999998091
"A_FA18.3_w6","Placebo-FMT_NGBB",0.330557805582622,0.99999999998091
"A_FA18.3_w6","Placebo-NGBB",0.941887103425733,0.99999999998091
"A_LPG16.0","FMT-Chow control",0.363408608623774,0.99999999998091
"A_LPG16.0","FMT_NGBB-Chow control",0.238457681019789,0.99999999998091
"A_LPG16.0","NGBB-Chow control",0.0129602712104044,0.148416009022373
"A_LPG16.0","Placebo-Chow control",0.0449489874622035,0.384503386724874
"A_LPG16.0","FMT_NGBB-FMT",0.999999802259598,0.99999999998091
"A_LPG16.0","NGBB-FMT",0.794915643630798,0.99999999998091
"A_LPG16.0","Placebo-FMT",0.955503144113523,0.99999999998091
"A_LPG16.0","NGBB-FMT_NGBB",0.672725603611824,0.99999999998091
"A_LPG16.0","Placebo-FMT_NGBB",0.914979649447576,0.99999999998091
"A_LPG16.0","Placebo-NGBB",0.989088488011402,0.99999999998091
"A_LPI20.4","FMT-Chow control",0.474386435321165,0.99999999998091
"A_LPI20.4","FMT_NGBB-Chow control",0.0710725584846449,0.514913433919366
"A_LPI20.4","NGBB-Chow control",0.156703665089333,0.901819738897928
"A_LPI20.4","Placebo-Chow control",0.23179564717788,0.99999999998091
"A_LPI20.4","FMT_NGBB-FMT",0.959399122207708,0.99999999998091
"A_LPI20.4","NGBB-FMT",0.994600275335736,0.99999999998091
"A_LPI20.4","Placebo-FMT",0.99951558707294,0.99999999998091
"A_LPI20.4","NGBB-FMT_NGBB",0.997713780978289,0.99999999998091
"A_LPI20.4","Placebo-FMT_NGBB",0.983900270644476,0.99999999998091
"A_LPI20.4","Placebo-NGBB",0.999575607583519,0.99999999998091
"A_cLPA20.4","FMT-Chow control",0.522982118515079,0.99999999998091
"A_cLPA20.4","FMT_NGBB-Chow control",0.000890740178174365,0.0204008234356064
"A_cLPA20.4","NGBB-Chow control",0.0166444517914933,0.171890309915292
"A_cLPA20.4","Placebo-Chow control",0.190224398937014,0.99999999998091
"A_cLPA20.4","FMT_NGBB-FMT",0.220383992461458,0.99999999998091
"A_cLPA20.4","NGBB-FMT",0.687039853126855,0.99999999998091
"A_cLPA20.4","Placebo-FMT",0.995080749489314,0.99999999998091
"A_cLPA20.4","NGBB-FMT_NGBB",0.88652219783385,0.99999999998091
"A_cLPA20.4","Placebo-FMT_NGBB",0.286214640380421,0.99999999998091
"A_cLPA20.4","Placebo-NGBB",0.832911265290273,0.99999999998091
"A_LPG18.2","FMT-Chow control",0.881323306620722,0.99999999998091
"A_LPG18.2","FMT_NGBB-Chow control",0.630393552329781,0.99999999998091
"A_LPG18.2","NGBB-Chow control",0.993366481565206,0.99999999998091
"A_LPG18.2","Placebo-Chow control",0.994016449778982,0.99999999998091
"A_LPG18.2","FMT_NGBB-FMT",0.99865287172222,0.99999999998091
"A_LPG18.2","NGBB-FMT",0.979184314807552,0.99999999998091
"A_LPG18.2","Placebo-FMT",0.977829381197278,0.99999999998091
"A_LPG18.2","NGBB-FMT_NGBB",0.865915298209435,0.99999999998091
"A_LPG18.2","Placebo-FMT_NGBB",0.860971631857979,0.99999999998091
"A_LPG18.2","Placebo-NGBB",0.999999996394244,0.99999999998091
