Target,Comparison,P_Value,q_value
10_HDoHE,Chow control-FMT,0.015397184514831573,0.1564959737573045
10_HDoHE,Chow control-FMT_NGBB,0.5587598228708937,0.872622393400388
10_HDoHE,Chow control-NGBB,0.21216467995625798,0.6175685519853519
10_HDoHE,Chow control-Placebo,0.21216467995625798,0.6175685519853519
10_HDoHE,FMT-FMT_NGBB,0.2268397237437485,0.642577444991332
10_HDoHE,FMT-NGBB,0.17911010558069382,0.5783763826043238
10_HDoHE,FMT-Placebo,0.2854449472096531,0.6653228092856576
10_HDoHE,FMT_NGBB-NGBB,0.8294475889935782,0.9986244569853293
10_HDoHE,FMT_NGBB-Placebo,0.6008776409544788,0.8807190009261865
10_HDoHE,NGBB-Placebo,0.9476445296225945,1.0
10_NO2_LA,Chow control-FMT,0.5360105580693816,0.8609496010440845
10_NO2_LA,Chow control-FMT_NGBB,0.4790843272053482,0.8093522693932313
10_NO2_LA,Chow control-NGBB,0.26429152373398135,0.6451210421853089
10_NO2_LA,Chow control-Placebo,0.8438314252467704,0.9986244569853293
10_NO2_LA,FMT-FMT_NGBB,0.967135032150512,1.0
10_NO2_LA,FMT-NGBB,0.2109100050276521,0.6175685519853519
10_NO2_LA,FMT-Placebo,0.6589994972347913,0.9099770340435871
10_NO2_LA,FMT_NGBB-NGBB,0.1661199704495876,0.5537308239608176
10_NO2_LA,FMT_NGBB-Placebo,0.5587598228708937,0.872622393400388
10_NO2_LA,NGBB-Placebo,0.26429152373398135,0.6451210421853089
11_12_DiHETrE,Chow control-FMT,0.0007,0.016566666666666667
11_12_DiHETrE,Chow control-FMT_NGBB,0.0126,0.14665573770491805
11_12_DiHETrE,Chow control-NGBB,0.004,0.061739130434782616
11_12_DiHETrE,Chow control-Placebo,0.006,0.08352941176470588
11_12_DiHETrE,FMT-FMT_NGBB,0.5884,1.0
11_12_DiHETrE,FMT-NGBB,0.8394,1.0
11_12_DiHETrE,FMT-Placebo,0.7787,1.0
11_12_DiHETrE,FMT_NGBB-NGBB,0.9891,1.0
11_12_DiHETrE,FMT_NGBB-Placebo,0.9971,1.0
11_12_DiHETrE,NGBB-Placebo,0.9999,1.0
11_HDoHE,Chow control-FMT,0.4789467068878833,0.8093522693932313
11_HDoHE,Chow control-FMT_NGBB,0.20706115487008625,0.6175685519853519
11_HDoHE,Chow control-NGBB,1.0,1.0
11_HDoHE,Chow control-Placebo,0.9476445296225945,1.0
11_HDoHE,FMT-FMT_NGBB,0.0831150273874732,0.4039200334665085
11_HDoHE,FMT-NGBB,0.42515082956259426,0.7740265621658066
11_HDoHE,FMT-Placebo,0.3283056812468577,0.7018949047346613
11_HDoHE,FMT_NGBB-NGBB,0.23008418191625113,0.642577444991332
11_HDoHE,FMT_NGBB-Placebo,0.5587598228708937,0.872622393400388
11_HDoHE,NGBB-Placebo,0.6457638203049723,0.9099770340435871
11_HETE,Chow control-FMT,0.7914152840623428,0.9772242988307859
11_HETE,Chow control-FMT_NGBB,0.28145768484462164,0.6653228092856576
11_HETE,Chow control-NGBB,0.5545304064894243,0.872622393400388
11_HETE,Chow control-Placebo,0.5114059218501164,0.8477852180402998
11_HETE,FMT-FMT_NGBB,0.0831150273874732,0.4039200334665085
11_HETE,FMT-NGBB,0.37493715434891906,0.7310095462148736
11_HETE,FMT-Placebo,0.08534439416792358,0.4039200334665085
11_HETE,FMT_NGBB-NGBB,0.3401043685615801,0.7102647763122479
11_HETE,FMT_NGBB-Placebo,0.6891216451070523,0.938918760227596
11_HETE,NGBB-Placebo,0.2934238832742103,0.6663839107326388
12_13_DiHOME,Chow control-FMT,0.0,0.0
12_13_DiHOME,Chow control-FMT_NGBB,0.0,0.0
12_13_DiHOME,Chow control-NGBB,0.0,0.0
12_13_DiHOME,Chow control-Placebo,0.0,0.0
12_13_DiHOME,FMT-FMT_NGBB,0.3588,1.0
12_13_DiHOME,FMT-NGBB,0.2984,1.0
12_13_DiHOME,FMT-Placebo,0.6268,1.0
12_13_DiHOME,FMT_NGBB-NGBB,0.9998,1.0
12_13_DiHOME,FMT_NGBB-Placebo,0.989,1.0
12_13_DiHOME,NGBB-Placebo,0.9687,1.0
12_13_EpOME,Chow control-FMT,0.2112,1.0
12_13_EpOME,Chow control-FMT_NGBB,1.0,1.0
12_13_EpOME,Chow control-NGBB,0.9774,1.0
12_13_EpOME,Chow control-Placebo,0.6375,1.0
12_13_EpOME,FMT-FMT_NGBB,0.2053,1.0
12_13_EpOME,FMT-NGBB,0.4724,1.0
12_13_EpOME,FMT-Placebo,0.8802,1.0
12_13_EpOME,FMT_NGBB-NGBB,0.979,1.0
12_13_EpOME,FMT_NGBB-Placebo,0.6335,1.0
12_13_EpOME,NGBB-Placebo,0.9265,1.0
12_HEPE,Chow control-FMT,0.04411764705882353,0.2735294117647059
12_HEPE,Chow control-FMT_NGBB,0.6008776409544788,0.8807190009261865
12_HEPE,Chow control-NGBB,0.21216467995625798,0.6175685519853519
12_HEPE,Chow control-Placebo,0.26429152373398135,0.6451210421853089
12_HEPE,FMT-FMT_NGBB,0.11983011828213067,0.4762479059930835
12_HEPE,FMT-NGBB,0.2854449472096531,0.6653228092856576
12_HEPE,FMT-Placebo,0.24629210658622425,0.6451210421853089
12_HEPE,FMT_NGBB-NGBB,0.7349852214121391,0.9513378648758376
12_HEPE,FMT_NGBB-Placebo,0.7818140034887688,0.9772242988307859
12_HEPE,NGBB-Placebo,0.9476445296225945,1.0
12_HETE,Chow control-FMT,0.04411764705882353,0.2735294117647059
12_HETE,Chow control-FMT_NGBB,0.18575772936738777,0.5936587227205176
12_HETE,Chow control-NGBB,0.02557464990093703,0.22022615192473555
12_HETE,Chow control-Placebo,0.04178899680298453,0.2735294117647059
12_HETE,FMT-FMT_NGBB,0.38445661665475905,0.7379662610710545
12_HETE,FMT-NGBB,0.6589994972347913,0.9099770340435871
12_HETE,FMT-Placebo,0.37493715434891906,0.7310095462148736
12_HETE,FMT_NGBB-NGBB,0.4060484491047267,0.7628789043785775
12_HETE,FMT_NGBB-Placebo,0.8777166830732149,1.0
12_HETE,NGBB-Placebo,0.8438314252467704,0.9986244569853293
13_14dihydro_15k_PGE2,Chow control-FMT,0.3283056812468577,0.7018949047346613
13_14dihydro_15k_PGE2,Chow control-FMT_NGBB,0.1661199704495876,0.5537308239608176
13_14dihydro_15k_PGE2,Chow control-NGBB,0.5545304064894243,0.872622393400388
13_14dihydro_15k_PGE2,Chow control-Placebo,0.056873036034794405,0.3176692102844372
13_14dihydro_15k_PGE2,FMT-FMT_NGBB,0.6503532587123918,0.9099770340435871
13_14dihydro_15k_PGE2,FMT-NGBB,0.42515082956259426,0.7740265621658066
13_14dihydro_15k_PGE2,FMT-Placebo,0.4789467068878833,0.8093522693932313
13_14dihydro_15k_PGE2,FMT_NGBB-NGBB,0.20706115487008625,0.6175685519853519
13_14dihydro_15k_PGE2,FMT_NGBB-Placebo,0.8294475889935782,0.9986244569853293
13_14dihydro_15k_PGE2,NGBB-Placebo,0.056873036034794405,0.3176692102844372
13_HODE,Chow control-FMT,0.0016,0.029894736842105266
13_HODE,Chow control-FMT_NGBB,0.2889,1.0
13_HODE,Chow control-NGBB,0.2864,1.0
13_HODE,Chow control-Placebo,0.0311,0.2905394736842105
13_HODE,FMT-FMT_NGBB,0.1336,0.8285391304347827
13_HODE,FMT-NGBB,0.1572,0.9018145161290323
13_HODE,FMT-Placebo,0.6282,1.0
13_HODE,FMT_NGBB-NGBB,1.0,1.0
13_HODE,FMT_NGBB-Placebo,0.802,1.0
13_HODE,NGBB-Placebo,0.837,1.0
13_KODE,Chow control-FMT,0.42515082956259426,0.7740265621658066
13_KODE,Chow control-FMT_NGBB,0.9264448963254215,1.0
13_KODE,Chow control-NGBB,0.21216467995625798,0.6175685519853519
13_KODE,Chow control-Placebo,0.32463627173040743,0.7018949047346613
13_KODE,FMT-FMT_NGBB,0.4319679288719536,0.7740465777474312
13_KODE,FMT-NGBB,0.08534439416792358,0.4039200334665085
13_KODE,FMT-Placebo,0.04411764705882353,0.2735294117647059
13_KODE,FMT_NGBB-NGBB,0.2548715759015092,0.6451210421853089
13_KODE,FMT_NGBB-Placebo,0.2548715759015092,0.6451210421853089
13_KODE,NGBB-Placebo,0.9476445296225945,1.0
14_15_DiHETrE,Chow control-FMT,0.0007541478129713423,0.021253256547374193
14_15_DiHETrE,Chow control-FMT_NGBB,0.0006359753413841611,0.018859897976238677
14_15_DiHETrE,Chow control-NGBB,0.0003912589466711976,0.013476697052007916
14_15_DiHETrE,Chow control-Placebo,0.0003912589466711976,0.013476697052007916
14_15_DiHETrE,FMT-FMT_NGBB,0.2991188378185282,0.6743770161726818
14_15_DiHETrE,FMT-NGBB,0.7242332830568124,0.9513378648758376
14_15_DiHETrE,FMT-Placebo,0.5961538461538461,0.8807190009261865
14_15_DiHETrE,FMT_NGBB-NGBB,0.060498190718590784,0.33193697562412644
14_15_DiHETrE,FMT_NGBB-Placebo,0.4790843272053482,0.8093522693932313
14_15_DiHETrE,NGBB-Placebo,0.430708328947102,0.7740265621658066
14_HDoHE,Chow control-FMT,0.12594268476621417,0.49109726135253323
14_HDoHE,Chow control-FMT_NGBB,0.6443731499599503,0.9099770340435871
14_HDoHE,Chow control-NGBB,0.18908180596451618,0.59507979542132
14_HDoHE,Chow control-Placebo,0.23721752775378102,0.6451210421853089
14_HDoHE,FMT-FMT_NGBB,0.2614114471699611,0.6451210421853089
14_HDoHE,FMT-NGBB,0.5961538461538461,0.8807190009261865
14_HDoHE,FMT-Placebo,0.8601055806938159,0.9986244569853293
14_HDoHE,FMT_NGBB-NGBB,0.4790843272053482,0.8093522693932313
14_HDoHE,FMT_NGBB-Placebo,0.7349852214121391,0.9513378648758376
14_HDoHE,NGBB-Placebo,1.0,1.0
15deoxy_delta_12_14_PGJ2,Chow control-FMT,0.0114,0.1371864406779661
15deoxy_delta_12_14_PGJ2,Chow control-FMT_NGBB,0.0039,0.06153333333333333
15deoxy_delta_12_14_PGJ2,Chow control-NGBB,0.0001,0.0032272727272727275
15deoxy_delta_12_14_PGJ2,Chow control-Placebo,0.0,0.0
15deoxy_delta_12_14_PGJ2,FMT-FMT_NGBB,0.9999,1.0
15deoxy_delta_12_14_PGJ2,FMT-NGBB,0.9155,1.0
15deoxy_delta_12_14_PGJ2,FMT-Placebo,0.7092,1.0
15deoxy_delta_12_14_PGJ2,FMT_NGBB-NGBB,0.7836,1.0
15deoxy_delta_12_14_PGJ2,FMT_NGBB-Placebo,0.4812,1.0
15deoxy_delta_12_14_PGJ2,NGBB-Placebo,0.9883,1.0
16_HDoHE,Chow control-FMT,0.12594268476621417,0.49109726135253323
16_HDoHE,Chow control-FMT_NGBB,0.37217143978212575,0.7310095462148736
16_HDoHE,Chow control-NGBB,0.11503496229473924,0.4662036781288558
16_HDoHE,Chow control-Placebo,0.03023902101614863,0.2403614491027199
16_HDoHE,FMT-FMT_NGBB,0.4824164483607208,0.8127668423468666
16_HDoHE,FMT-NGBB,0.7914152840623428,0.9772242988307859
16_HDoHE,FMT-Placebo,0.9999999999999999,1.0
16_HDoHE,FMT_NGBB-NGBB,0.5587598228708937,0.872622393400388
16_HDoHE,FMT_NGBB-Placebo,0.3401043685615801,0.7102647763122479
16_HDoHE,NGBB-Placebo,0.792812616632073,0.9772242988307859
17_18_DiHETE,Chow control-FMT,0.5524,1.0
17_18_DiHETE,Chow control-FMT_NGBB,1.0,1.0
17_18_DiHETE,Chow control-NGBB,0.706,1.0
17_18_DiHETE,Chow control-Placebo,1.0,1.0
17_18_DiHETE,FMT-FMT_NGBB,0.5963,1.0
17_18_DiHETE,FMT-NGBB,0.9946,1.0
17_18_DiHETE,FMT-Placebo,0.5141,1.0
17_18_DiHETE,FMT_NGBB-NGBB,0.7531,1.0
17_18_DiHETE,FMT_NGBB-Placebo,0.9998,1.0
17_18_DiHETE,NGBB-Placebo,0.6639,1.0
17_HDoHE,Chow control-FMT,0.06925590749120161,0.3557664099329287
17_HDoHE,Chow control-FMT_NGBB,0.4790843272053482,0.8093522693932313
17_HDoHE,Chow control-NGBB,0.5114059218501164,0.8477852180402998
17_HDoHE,Chow control-Placebo,0.14856177489186861,0.5197405172895369
17_HDoHE,FMT-FMT_NGBB,0.01706755576724617,0.1706755576724617
17_HDoHE,FMT-NGBB,0.04411764705882353,0.2735294117647059
17_HDoHE,FMT-Placebo,0.01137506284565108,0.13060257341303091
17_HDoHE,FMT_NGBB-NGBB,0.3401043685615801,0.7102647763122479
17_HDoHE,FMT_NGBB-Placebo,0.20706115487008625,0.6175685519853519
17_HDoHE,NGBB-Placebo,0.26429152373398135,0.6451210421853089
19_20_DiHDPA,Chow control-FMT,0.03456510809451986,0.2567691365337619
19_20_DiHDPA,Chow control-FMT_NGBB,0.060498190718590784,0.33193697562412644
19_20_DiHDPA,Chow control-NGBB,0.03561636409984439,0.2567691365337619
19_20_DiHDPA,Chow control-Placebo,0.10066768749863966,0.43343032117469854
19_20_DiHDPA,FMT-FMT_NGBB,0.2614114471699611,0.6451210421853089
19_20_DiHDPA,FMT-NGBB,0.6589994972347913,0.9099770340435871
19_20_DiHDPA,FMT-Placebo,0.2109100050276521,0.6175685519853519
19_20_DiHDPA,FMT_NGBB-NGBB,0.37217143978212575,0.7310095462148736
19_20_DiHDPA,FMT_NGBB-Placebo,0.6008776409544788,0.8807190009261865
19_20_DiHDPA,NGBB-Placebo,0.18908180596451618,0.59507979542132
1_AG_2_AG,Chow control-FMT,0.4352,1.0
1_AG_2_AG,Chow control-FMT_NGBB,0.3769,1.0
1_AG_2_AG,Chow control-NGBB,0.2661,1.0
1_AG_2_AG,Chow control-Placebo,0.7209,1.0
1_AG_2_AG,FMT-FMT_NGBB,0.9999,1.0
1_AG_2_AG,FMT-NGBB,1.0,1.0
1_AG_2_AG,FMT-Placebo,0.9728,1.0
1_AG_2_AG,FMT_NGBB-NGBB,0.9989,1.0
1_AG_2_AG,FMT_NGBB-Placebo,0.9831,1.0
1_AG_2_AG,NGBB-Placebo,0.9346,1.0
1_LG_2_LG,Chow control-FMT,0.0137,0.151984375
1_LG_2_LG,Chow control-FMT_NGBB,0.0007,0.016566666666666667
1_LG_2_LG,Chow control-NGBB,0.0047,0.06952083333333334
1_LG_2_LG,Chow control-Placebo,0.0406,0.3558765432098765
1_LG_2_LG,FMT-FMT_NGBB,0.9929,1.0
1_LG_2_LG,FMT-NGBB,1.0,1.0
1_LG_2_LG,FMT-Placebo,0.9404,1.0
1_LG_2_LG,FMT_NGBB-NGBB,0.9806,1.0
1_LG_2_LG,FMT_NGBB-Placebo,0.6516,1.0
1_LG_2_LG,NGBB-Placebo,0.9314,1.0
1_OG_2_OG,Chow control-FMT,0.06925590749120161,0.3557664099329287
1_OG_2_OG,Chow control-FMT_NGBB,0.03922845038753884,0.2735294117647059
1_OG_2_OG,Chow control-NGBB,0.010439075899985922,0.12211749166021267
1_OG_2_OG,Chow control-Placebo,0.0020269456469727064,0.03808200912494176
1_OG_2_OG,FMT-FMT_NGBB,1.0,1.0
1_OG_2_OG,FMT-NGBB,0.8601055806938159,0.9986244569853293
1_OG_2_OG,FMT-Placebo,0.4789467068878833,0.8093522693932313
1_OG_2_OG,FMT_NGBB-NGBB,0.8294475889935782,0.9986244569853293
1_OG_2_OG,FMT_NGBB-Placebo,0.4417022877906004,0.7846860126939034
1_OG_2_OG,NGBB-Placebo,0.35793336989339997,0.7310095462148736
5S_14R_lipoxinB4,Chow control-FMT,1.0,1.0
5S_14R_lipoxinB4,Chow control-FMT_NGBB,0.9854,1.0
5S_14R_lipoxinB4,Chow control-NGBB,0.8495,1.0
5S_14R_lipoxinB4,Chow control-Placebo,0.8205,1.0
5S_14R_lipoxinB4,FMT-FMT_NGBB,0.9918,1.0
5S_14R_lipoxinB4,FMT-NGBB,0.9025,1.0
5S_14R_lipoxinB4,FMT-Placebo,0.882,1.0
5S_14R_lipoxinB4,FMT_NGBB-NGBB,0.9853,1.0
5S_14R_lipoxinB4,FMT_NGBB-Placebo,0.9776,1.0
5S_14R_lipoxinB4,NGBB-Placebo,1.0,1.0
5_6_DiHETrE,Chow control-FMT,1.0,1.0
5_6_DiHETrE,Chow control-FMT_NGBB,0.9346,1.0
5_6_DiHETrE,Chow control-NGBB,0.3128,1.0
5_6_DiHETrE,Chow control-Placebo,0.412,1.0
5_6_DiHETrE,FMT-FMT_NGBB,0.9318,1.0
5_6_DiHETrE,FMT-NGBB,0.3791,1.0
5_6_DiHETrE,FMT-Placebo,0.4737,1.0
5_6_DiHETrE,FMT_NGBB-NGBB,0.7533,1.0
5_6_DiHETrE,FMT_NGBB-Placebo,0.8495,1.0
5_6_DiHETrE,NGBB-Placebo,0.9997,1.0
5_HETrE,Chow control-FMT,0.42515082956259426,0.7740265621658066
5_HETrE,Chow control-FMT_NGBB,0.23008418191625113,0.642577444991332
5_HETrE,Chow control-NGBB,0.5114059218501164,0.8477852180402998
5_HETrE,Chow control-Placebo,0.26429152373398135,0.6451210421853089
5_HETrE,FMT-FMT_NGBB,0.9018020163530999,1.0
5_HETrE,FMT-NGBB,0.7914152840623428,0.9772242988307859
5_HETrE,FMT-Placebo,0.9298014077425841,1.0
5_HETrE,FMT_NGBB-NGBB,0.4790843272053482,0.8093522693932313
5_HETrE,FMT_NGBB-Placebo,0.8777166830732149,1.0
5_HETrE,NGBB-Placebo,0.6935883744907081,0.938918760227596
8_12_iso_iPF2a_VI,Chow control-FMT,0.6238,1.0
8_12_iso_iPF2a_VI,Chow control-FMT_NGBB,0.1724,0.9638110236220472
8_12_iso_iPF2a_VI,Chow control-NGBB,0.3693,1.0
8_12_iso_iPF2a_VI,Chow control-Placebo,0.5623,1.0
8_12_iso_iPF2a_VI,FMT-FMT_NGBB,0.9802,1.0
8_12_iso_iPF2a_VI,FMT-NGBB,0.9996,1.0
8_12_iso_iPF2a_VI,FMT-Placebo,1.0,1.0
8_12_iso_iPF2a_VI,FMT_NGBB-NGBB,0.9943,1.0
8_12_iso_iPF2a_VI,FMT_NGBB-Placebo,0.9483,1.0
8_12_iso_iPF2a_VI,NGBB-Placebo,0.9976,1.0
8_9_DiHETrE,Chow control-FMT,0.729,1.0
8_9_DiHETrE,Chow control-FMT_NGBB,0.9986,1.0
8_9_DiHETrE,Chow control-NGBB,0.8262,1.0
8_9_DiHETrE,Chow control-Placebo,0.951,1.0
8_9_DiHETrE,FMT-FMT_NGBB,0.5643,1.0
8_9_DiHETrE,FMT-NGBB,0.2078,1.0
8_9_DiHETrE,FMT-Placebo,0.3456,1.0
8_9_DiHETrE,FMT_NGBB-NGBB,0.9288,1.0
8_9_DiHETrE,FMT_NGBB-Placebo,0.9909,1.0
8_9_DiHETrE,NGBB-Placebo,0.997,1.0
8iso_PGA1,Chow control-FMT,0.24629210658622425,0.6451210421853089
8iso_PGA1,Chow control-FMT_NGBB,0.5181302014501532,0.8498431875637434
8iso_PGA1,Chow control-NGBB,1.0,1.0
8iso_PGA1,Chow control-Placebo,0.04178899680298453,0.2735294117647059
8iso_PGA1,FMT-FMT_NGBB,0.7108438517107247,0.9513378648758376
8iso_PGA1,FMT-NGBB,0.37493715434891906,0.7310095462148736
8iso_PGA1,FMT-Placebo,0.8601055806938159,0.9986244569853293
8iso_PGA1,FMT_NGBB-NGBB,0.4417022877906004,0.7846860126939034
8iso_PGA1,FMT_NGBB-Placebo,0.1661199704495876,0.5537308239608176
8iso_PGA1,NGBB-Placebo,0.0215461209513858,0.202402954391806
8iso_PGE2,Chow control-FMT,0.1508924082453494,0.5197405172895369
8iso_PGE2,Chow control-FMT_NGBB,0.024677136998399837,0.21856892770011285
8iso_PGE2,Chow control-NGBB,0.10066768749863966,0.43343032117469854
8iso_PGE2,Chow control-Placebo,0.0215461209513858,0.202402954391806
8iso_PGE2,FMT-FMT_NGBB,0.2614114471699611,0.6451210421853089
8iso_PGE2,FMT-NGBB,0.7914152840623428,0.9772242988307859
8iso_PGE2,FMT-Placebo,0.9999999999999999,1.0
8iso_PGE2,FMT_NGBB-NGBB,0.09054915588749132,0.41279762242826923
8iso_PGE2,FMT_NGBB-Placebo,0.20706115487008625,0.6175685519853519
8iso_PGE2,NGBB-Placebo,0.4701007598741287,0.8093522693932313
9_10_13_TriHOME,Chow control-FMT,0.8207,1.0
9_10_13_TriHOME,Chow control-FMT_NGBB,0.9931,1.0
9_10_13_TriHOME,Chow control-NGBB,0.8288,1.0
9_10_13_TriHOME,Chow control-Placebo,0.9996,1.0
9_10_13_TriHOME,FMT-FMT_NGBB,0.9514,1.0
9_10_13_TriHOME,FMT-NGBB,0.2821,1.0
9_10_13_TriHOME,FMT-Placebo,0.9007,1.0
9_10_13_TriHOME,FMT_NGBB-NGBB,0.5685,1.0
9_10_13_TriHOME,FMT_NGBB-Placebo,0.9996,1.0
9_10_13_TriHOME,NGBB-Placebo,0.7149,1.0
9_10_DiHOME,Chow control-FMT,6.284565108094519e-05,0.0056155026657786775
9_10_DiHOME,Chow control-FMT_NGBB,9.300369697699855e-05,0.00576622921257391
9_10_DiHOME,Chow control-NGBB,0.00013977242646358399,0.006666069569801697
9_10_DiHOME,Chow control-Placebo,0.00013977242646358399,0.006666069569801697
9_10_DiHOME,FMT-FMT_NGBB,0.022108438517107247,0.20458555045681334
9_10_DiHOME,FMT-NGBB,0.0059074912016088485,0.07962270749994535
9_10_DiHOME,FMT-Placebo,0.004147812971342383,0.06368459897252347
9_10_DiHOME,FMT_NGBB-NGBB,0.4417022877906004,0.7846860126939034
9_10_DiHOME,FMT_NGBB-Placebo,0.6008776409544788,0.8807190009261865
9_10_DiHOME,NGBB-Placebo,0.6935883744907081,0.938918760227596
9_10_EpOME,Chow control-FMT,0.1418,0.8532033898305085
9_10_EpOME,Chow control-FMT_NGBB,0.9955,1.0
9_10_EpOME,Chow control-NGBB,0.9625,1.0
9_10_EpOME,Chow control-Placebo,0.8566,1.0
9_10_EpOME,FMT-FMT_NGBB,0.0627,0.4735851063829788
9_10_EpOME,FMT-NGBB,0.0371,0.3292625
9_10_EpOME,FMT-Placebo,0.5723,1.0
9_10_EpOME,FMT_NGBB-NGBB,0.9981,1.0
9_10_EpOME,FMT_NGBB-Placebo,0.6341,1.0
9_10_EpOME,NGBB-Placebo,0.4673,1.0
9_12_13_TriHOME,Chow control-FMT,0.5919,1.0
9_12_13_TriHOME,Chow control-FMT_NGBB,0.9959,1.0
9_12_13_TriHOME,Chow control-NGBB,0.9797,1.0
9_12_13_TriHOME,Chow control-Placebo,0.9813,1.0
9_12_13_TriHOME,FMT-FMT_NGBB,0.7728,1.0
9_12_13_TriHOME,FMT-NGBB,0.3019,1.0
9_12_13_TriHOME,FMT-Placebo,0.8647,1.0
9_12_13_TriHOME,FMT_NGBB-NGBB,0.8777,1.0
9_12_13_TriHOME,FMT_NGBB-Placebo,0.9997,1.0
9_12_13_TriHOME,NGBB-Placebo,0.7983,1.0
9_HODE,Chow control-FMT,0.0018853695324283558,0.03652903469079939
9_HODE,Chow control-FMT_NGBB,0.024677136998399837,0.21856892770011285
9_HODE,Chow control-NGBB,0.2934238832742103,0.6663839107326388
9_HODE,Chow control-Placebo,0.003861490663333421,0.06368459897252347
9_HODE,FMT-FMT_NGBB,0.10026196713503215,0.43343032117469854
9_HODE,FMT-NGBB,0.015397184514831573,0.1564959737573045
9_HODE,FMT-Placebo,0.24629210658622425,0.6451210421853089
9_HODE,FMT_NGBB-NGBB,0.1315876064066685,0.4914717829646654
9_HODE,FMT_NGBB-Placebo,0.7349852214121391,0.9513378648758376
9_HODE,NGBB-Placebo,0.10066768749863966,0.43343032117469854
9_HOTrE,Chow control-FMT,0.0013,0.026371428571428573
9_HOTrE,Chow control-FMT_NGBB,0.0056,0.07952
9_HOTrE,Chow control-NGBB,0.0336,0.3098181818181818
9_HOTrE,Chow control-Placebo,0.0073,0.09598148148148149
9_HOTrE,FMT-FMT_NGBB,0.8552,1.0
9_HOTrE,FMT-NGBB,0.5741,1.0
9_HOTrE,FMT-Placebo,0.858,1.0
9_HOTrE,FMT_NGBB-NGBB,0.9761,1.0
9_HOTrE,FMT_NGBB-Placebo,1.0,1.0
9_HOTrE,NGBB-Placebo,0.9794,1.0
9_HpODE,Chow control-FMT,0.9986,1.0
9_HpODE,Chow control-FMT_NGBB,0.9937,1.0
9_HpODE,Chow control-NGBB,0.9906,1.0
9_HpODE,Chow control-Placebo,0.7726,1.0
9_HpODE,FMT-FMT_NGBB,1.0,1.0
9_HpODE,FMT-NGBB,0.9593,1.0
9_HpODE,FMT-Placebo,0.6908,1.0
9_HpODE,FMT_NGBB-NGBB,0.9024,1.0
9_HpODE,FMT_NGBB-Placebo,0.505,1.0
9_HpODE,NGBB-Placebo,0.9547,1.0
AEA,Chow control-FMT,0.1959,1.0
AEA,Chow control-FMT_NGBB,0.1036,0.6909351851851853
AEA,Chow control-NGBB,0.8248,1.0
AEA,Chow control-Placebo,0.5182,1.0
AEA,FMT-FMT_NGBB,1.0,1.0
AEA,FMT-NGBB,0.7118,1.0
AEA,FMT-Placebo,0.9255,1.0
AEA,FMT_NGBB-NGBB,0.6092,1.0
AEA,FMT_NGBB-Placebo,0.893,1.0
AEA,NGBB-Placebo,0.9853,1.0
CA,Chow control-FMT,0.9298014077425841,1.0
CA,Chow control-FMT_NGBB,0.6443731499599503,0.9099770340435871
CA,Chow control-NGBB,0.9476445296225945,1.0
CA,Chow control-Placebo,0.6935883744907081,0.938918760227596
CA,FMT-FMT_NGBB,0.6503532587123918,0.9099770340435871
CA,FMT-NGBB,0.8601055806938159,0.9986244569853293
CA,FMT-Placebo,0.8601055806938159,0.9986244569853293
CA,FMT_NGBB-NGBB,0.7349852214121391,0.9513378648758376
CA,FMT_NGBB-Placebo,0.9754506745843579,1.0
CA,NGBB-Placebo,0.6457638203049723,0.9099770340435871
CDCA,Chow control-FMT,0.03456510809451986,0.2567691365337619
CDCA,Chow control-FMT_NGBB,0.004211400899795908,0.06368459897252347
CDCA,Chow control-NGBB,0.01511526935649349,0.1564959737573045
CDCA,Chow control-Placebo,0.0877681118303241,0.40609126369254434
CDCA,FMT-FMT_NGBB,1.0,1.0
CDCA,FMT-NGBB,0.6589994972347913,0.9099770340435871
CDCA,FMT-Placebo,0.2854449472096531,0.6653228092856576
CDCA,FMT_NGBB-NGBB,0.37217143978212575,0.7310095462148736
CDCA,FMT_NGBB-Placebo,0.1661199704495876,0.5537308239608176
CDCA,NGBB-Placebo,0.35793336989339997,0.7310095462148736
DCA,Chow control-FMT,0.24629210658622425,0.6451210421853089
DCA,Chow control-FMT_NGBB,0.8294475889935782,0.9986244569853293
DCA,Chow control-NGBB,0.5993606964290359,0.8807190009261865
DCA,Chow control-Placebo,0.23721752775378102,0.6451210421853089
DCA,FMT-FMT_NGBB,0.195562435500516,0.612367222274343
DCA,FMT-NGBB,0.5961538461538461,0.8807190009261865
DCA,FMT-Placebo,0.9999999999999999,1.0
DCA,FMT_NGBB-NGBB,0.8777166830732149,1.0
DCA,FMT_NGBB-Placebo,0.28145768484462164,0.6653228092856576
DCA,NGBB-Placebo,0.5993606964290359,0.8807190009261865
DEA,Chow control-FMT,0.05555555555555556,0.316530876362728
DEA,Chow control-FMT_NGBB,0.2548715759015092,0.6451210421853089
DEA,Chow control-NGBB,0.35793336989339997,0.7310095462148736
DEA,Chow control-Placebo,0.26429152373398135,0.6451210421853089
DEA,FMT-FMT_NGBB,0.2614114471699611,0.6451210421853089
DEA,FMT-NGBB,0.0059074912016088485,0.07962270749994535
DEA,FMT-Placebo,0.3283056812468577,0.7018949047346613
DEA,FMT_NGBB-NGBB,0.045474707555223745,0.27641488906116396
DEA,FMT_NGBB-Placebo,1.0,1.0
DEA,NGBB-Placebo,0.0877681118303241,0.40609126369254434
DHEA,Chow control-FMT,0.8601055806938159,0.9986244569853293
DHEA,Chow control-FMT_NGBB,0.30986525936179343,0.6935612303404762
DHEA,Chow control-NGBB,1.0,1.0
DHEA,Chow control-Placebo,0.7426659029196823,0.9513488839053781
DHEA,FMT-FMT_NGBB,0.5918075732317218,0.8807190009261865
DHEA,FMT-NGBB,0.9298014077425841,1.0
DHEA,FMT-Placebo,0.5360105580693816,0.8609496010440845
DHEA,FMT_NGBB-NGBB,0.3401043685615801,0.7102647763122479
DHEA,FMT_NGBB-Placebo,0.1315876064066685,0.4914717829646654
DHEA,NGBB-Placebo,0.5993606964290359,0.8807190009261865
EPEA,Chow control-FMT,0.9979,1.0
EPEA,Chow control-FMT_NGBB,0.9703,1.0
EPEA,Chow control-NGBB,0.911,1.0
EPEA,Chow control-Placebo,0.9292,1.0
EPEA,FMT-FMT_NGBB,0.9993,1.0
EPEA,FMT-NGBB,0.9916,1.0
EPEA,FMT-Placebo,0.9946,1.0
EPEA,FMT_NGBB-NGBB,0.9991,1.0
EPEA,FMT_NGBB-Placebo,0.9997,1.0
EPEA,NGBB-Placebo,1.0,1.0
ETAEA,Chow control-FMT,0.05555555555555556,0.316530876362728
ETAEA,Chow control-FMT_NGBB,0.02889808892436385,0.235747567540863
ETAEA,Chow control-NGBB,0.03023902101614863,0.2403614491027199
ETAEA,Chow control-Placebo,0.012586117500320342,0.13690162895085284
ETAEA,FMT-FMT_NGBB,0.16734143049932523,0.5537308239608176
ETAEA,FMT-NGBB,0.2854449472096531,0.6653228092856576
ETAEA,FMT-Placebo,0.42515082956259426,0.7740265621658066
ETAEA,FMT_NGBB-NGBB,0.9264448963254215,1.0
ETAEA,FMT_NGBB-Placebo,0.7349852214121391,0.9513378648758376
ETAEA,NGBB-Placebo,0.9476445296225945,1.0
FA18.1_w9,Chow control-FMT,0.1508924082453494,0.5197405172895369
FA18.1_w9,Chow control-FMT_NGBB,0.024677136998399837,0.21856892770011285
FA18.1_w9,Chow control-NGBB,0.00474882814615442,0.0701017488241843
FA18.1_w9,Chow control-Placebo,0.0058168572158804575,0.07962270749994535
FA18.1_w9,FMT-FMT_NGBB,0.6503532587123918,0.9099770340435871
FA18.1_w9,FMT-NGBB,0.8601055806938159,0.9986244569853293
FA18.1_w9,FMT-Placebo,0.7914152840623428,0.9772242988307859
FA18.1_w9,FMT_NGBB-NGBB,0.8294475889935782,0.9986244569853293
FA18.1_w9,FMT_NGBB-Placebo,0.9754506745843579,1.0
FA18.1_w9,NGBB-Placebo,0.9476445296225945,1.0
FA18.2_w6,Chow control-FMT,0.00025138260432378077,0.009741075917546504
FA18.2_w6,Chow control-FMT_NGBB,7.196300447969656e-05,0.0056155026657786775
FA18.2_w6,Chow control-NGBB,0.00023577063401821838,0.009741075917546504
FA18.2_w6,Chow control-Placebo,0.00013977242646358399,0.006666069569801697
FA18.2_w6,FMT-FMT_NGBB,0.967135032150512,1.0
FA18.2_w6,FMT-NGBB,0.7242332830568124,0.9513378648758376
FA18.2_w6,FMT-Placebo,0.6589994972347913,0.9099770340435871
FA18.2_w6,FMT_NGBB-NGBB,0.8294475889935782,0.9986244569853293
FA18.2_w6,FMT_NGBB-Placebo,0.6008776409544788,0.8807190009261865
FA18.2_w6,NGBB-Placebo,0.5114059218501164,0.8477852180402998
FA18.3,Chow control-FMT,6.284565108094519e-05,0.0056155026657786775
FA18.3,Chow control-FMT_NGBB,5.548185695864912e-05,0.0056155026657786775
FA18.3,Chow control-NGBB,8.151536127743242e-05,0.0056155026657786775
FA18.3,Chow control-Placebo,0.00023577063401821838,0.009741075917546504
FA18.3,FMT-FMT_NGBB,0.14221640073033262,0.5197405172895369
FA18.3,FMT-NGBB,0.17911010558069382,0.5783763826043238
FA18.3,FMT-Placebo,0.03456510809451986,0.2567691365337619
FA18.3,FMT_NGBB-NGBB,0.6891216451070523,0.938918760227596
FA18.3,FMT_NGBB-Placebo,0.37217143978212575,0.7310095462148736
FA18.3,NGBB-Placebo,0.11503496229473924,0.4662036781288558
FA18.3_w3,Chow control-FMT,6.284565108094519e-05,0.0056155026657786775
FA18.3_w3,Chow control-FMT_NGBB,5.548185695864912e-05,0.0056155026657786775
FA18.3_w3,Chow control-NGBB,8.151536127743242e-05,0.0056155026657786775
FA18.3_w3,Chow control-Placebo,8.151536127743242e-05,0.0056155026657786775
FA18.3_w3,FMT-FMT_NGBB,0.0831150273874732,0.4039200334665085
FA18.3_w3,FMT-NGBB,0.05555555555555556,0.316530876362728
FA18.3_w3,FMT-Placebo,0.2109100050276521,0.6175685519853519
FA18.3_w3,FMT_NGBB-NGBB,0.7818140034887688,0.9772242988307859
FA18.3_w3,FMT_NGBB-Placebo,0.37217143978212575,0.7310095462148736
FA18.3_w3,NGBB-Placebo,0.26429152373398135,0.6451210421853089
FA18.3_w6,Chow control-FMT,0.0,0.0
FA18.3_w6,Chow control-FMT_NGBB,0.0,0.0
FA18.3_w6,Chow control-NGBB,0.0,0.0
FA18.3_w6,Chow control-Placebo,0.0,0.0
FA18.3_w6,FMT-FMT_NGBB,0.6657,1.0
FA18.3_w6,FMT-NGBB,0.9968,1.0
FA18.3_w6,FMT-Placebo,0.9976,1.0
FA18.3_w6,FMT_NGBB-NGBB,0.7898,1.0
FA18.3_w6,FMT_NGBB-Placebo,0.3306,1.0
FA18.3_w6,NGBB-Placebo,0.9419,1.0
FA20.3_w3,Chow control-FMT,0.0023,0.04187179487179487
FA20.3_w3,Chow control-FMT_NGBB,0.0044,0.06646808510638298
FA20.3_w3,Chow control-NGBB,0.0007,0.016566666666666667
FA20.3_w3,Chow control-Placebo,0.0015,0.028783783783783785
FA20.3_w3,FMT-FMT_NGBB,0.9474,1.0
FA20.3_w3,FMT-NGBB,1.0,1.0
FA20.3_w3,FMT-Placebo,0.9967,1.0
FA20.3_w3,FMT_NGBB-NGBB,0.9529,1.0
FA20.3_w3,FMT_NGBB-Placebo,0.9926,1.0
FA20.3_w3,NGBB-Placebo,0.9987,1.0
FA20.3_w6,Chow control-FMT,0.42515082956259426,0.7740265621658066
FA20.3_w6,Chow control-FMT_NGBB,0.28145768484462164,0.6653228092856576
FA20.3_w6,Chow control-NGBB,0.13096810379821186,0.4914717829646654
FA20.3_w6,Chow control-Placebo,0.6457638203049723,0.9099770340435871
FA20.3_w6,FMT-FMT_NGBB,1.0,1.0
FA20.3_w6,FMT-NGBB,0.6589994972347913,0.9099770340435871
FA20.3_w6,FMT-Placebo,0.7242332830568124,0.9513378648758376
FA20.3_w6,FMT_NGBB-NGBB,0.7349852214121391,0.9513378648758376
FA20.3_w6,FMT_NGBB-Placebo,0.5181302014501532,0.8498431875637434
FA20.3_w6,NGBB-Placebo,0.430708328947102,0.7740265621658066
FA20.3_w9,Chow control-FMT,0.0164,0.17184057971014494
FA20.3_w9,Chow control-FMT_NGBB,0.0006,0.015777777777777776
FA20.3_w9,Chow control-NGBB,0.0515,0.41084269662921347
FA20.3_w9,Chow control-Placebo,0.0092,0.11459649122807017
FA20.3_w9,FMT-FMT_NGBB,0.9856,1.0
FA20.3_w9,FMT-NGBB,0.9351,1.0
FA20.3_w9,FMT-Placebo,0.9996,1.0
FA20.3_w9,FMT_NGBB-NGBB,0.5746,1.0
FA20.3_w9,FMT_NGBB-Placebo,0.9233,1.0
FA20.3_w9,NGBB-Placebo,0.9648,1.0
FA20.4_w6,Chow control-FMT,0.0038,0.06131818181818182
FA20.4_w6,Chow control-FMT_NGBB,0.0048,0.06955102040816326
FA20.4_w6,Chow control-NGBB,0.0004,0.01136
FA20.4_w6,Chow control-Placebo,0.0013,0.026371428571428573
FA20.4_w6,FMT-FMT_NGBB,0.9754,1.0
FA20.4_w6,FMT-NGBB,0.9994,1.0
FA20.4_w6,FMT-Placebo,0.9999,1.0
FA20.4_w6,FMT_NGBB-NGBB,0.8823,1.0
FA20.4_w6,FMT_NGBB-Placebo,0.9845,1.0
FA20.4_w6,NGBB-Placebo,0.9944,1.0
FA20.5_w3,Chow control-FMT,0.0167,0.17184057971014494
FA20.5_w3,Chow control-FMT_NGBB,0.1457,0.8620583333333334
FA20.5_w3,Chow control-NGBB,0.2774,1.0
FA20.5_w3,Chow control-Placebo,0.4004,1.0
FA20.5_w3,FMT-FMT_NGBB,0.7222,1.0
FA20.5_w3,FMT-NGBB,0.5728,1.0
FA20.5_w3,FMT-Placebo,0.4442,1.0
FA20.5_w3,FMT_NGBB-NGBB,0.9981,1.0
FA20.5_w3,FMT_NGBB-Placebo,0.9822,1.0
FA20.5_w3,NGBB-Placebo,0.9993,1.0
FA22.4_w6,Chow control-FMT,0.0001,0.0032272727272727275
FA22.4_w6,Chow control-FMT_NGBB,0.0,0.0
FA22.4_w6,Chow control-NGBB,0.0,0.0
FA22.4_w6,Chow control-Placebo,0.0,0.0
FA22.4_w6,FMT-FMT_NGBB,0.9891,1.0
FA22.4_w6,FMT-NGBB,0.9988,1.0
FA22.4_w6,FMT-Placebo,0.9972,1.0
FA22.4_w6,FMT_NGBB-NGBB,0.9993,1.0
FA22.4_w6,FMT_NGBB-Placebo,0.8839,1.0
FA22.4_w6,NGBB-Placebo,0.959,1.0
FA22.5_w3,Chow control-FMT,0.06925590749120161,0.3557664099329287
FA22.5_w3,Chow control-FMT_NGBB,0.1480860615850711,0.5197405172895369
FA22.5_w3,Chow control-NGBB,0.04178899680298453,0.2735294117647059
FA22.5_w3,Chow control-Placebo,0.13096810379821186,0.4914717829646654
FA22.5_w3,FMT-FMT_NGBB,0.967135032150512,1.0
FA22.5_w3,FMT-NGBB,0.8601055806938159,0.9986244569853293
FA22.5_w3,FMT-Placebo,0.7914152840623428,0.9772242988307859
FA22.5_w3,FMT_NGBB-NGBB,0.7818140034887688,0.9772242988307859
FA22.5_w3,FMT_NGBB-Placebo,0.8777166830732149,1.0
FA22.5_w3,NGBB-Placebo,0.7426659029196823,0.9513488839053781
FA22.5_w6,Chow control-FMT,0.0014,0.02761111111111111
FA22.5_w6,Chow control-FMT_NGBB,0.0004,0.01136
FA22.5_w6,Chow control-NGBB,0.0,0.0
FA22.5_w6,Chow control-Placebo,0.0,0.0
FA22.5_w6,FMT-FMT_NGBB,0.9997,1.0
FA22.5_w6,FMT-NGBB,0.5147,1.0
FA22.5_w6,FMT-Placebo,0.9541,1.0
FA22.5_w6,FMT_NGBB-NGBB,0.2559,1.0
FA22.5_w6,FMT_NGBB-Placebo,0.8357,1.0
FA22.5_w6,NGBB-Placebo,0.8559,1.0
FA22.6_w3,Chow control-FMT,0.05555555555555556,0.316530876362728
FA22.6_w3,Chow control-FMT_NGBB,0.0061666559640276035,0.0813473765467471
FA22.6_w3,Chow control-NGBB,0.001026174217456427,0.023564000548999434
FA22.6_w3,Chow control-Placebo,0.012586117500320342,0.13690162895085284
FA22.6_w3,FMT-FMT_NGBB,0.967135032150512,1.0
FA22.6_w3,FMT-NGBB,0.2109100050276521,0.6175685519853519
FA22.6_w3,FMT-Placebo,0.8601055806938159,0.9986244569853293
FA22.6_w3,FMT_NGBB-NGBB,0.11655091953221396,0.4662036781288558
FA22.6_w3,FMT_NGBB-Placebo,0.4790843272053482,0.8093522693932313
FA22.6_w3,NGBB-Placebo,0.39330163935061535,0.7434360256017729
HDCA,Chow control-FMT,0.9022,1.0
HDCA,Chow control-FMT_NGBB,0.8697,1.0
HDCA,Chow control-NGBB,0.8293,1.0
HDCA,Chow control-Placebo,0.9697,1.0
HDCA,FMT-FMT_NGBB,1.0,1.0
HDCA,FMT-NGBB,1.0,1.0
HDCA,FMT-Placebo,0.9974,1.0
HDCA,FMT_NGBB-NGBB,1.0,1.0
HDCA,FMT_NGBB-Placebo,0.9976,1.0
HDCA,NGBB-Placebo,0.993,1.0
LCA,Chow control-FMT,0.08534439416792358,0.4039200334665085
LCA,Chow control-FMT_NGBB,0.03922845038753884,0.2735294117647059
LCA,Chow control-NGBB,0.39330163935061535,0.7434360256017729
LCA,Chow control-Placebo,0.010439075899985922,0.12211749166021267
LCA,FMT-FMT_NGBB,0.9018020163530999,1.0
LCA,FMT-NGBB,0.7914152840623428,0.9772242988307859
LCA,FMT-Placebo,0.9298014077425841,1.0
LCA,FMT_NGBB-NGBB,0.5181302014501532,0.8498431875637434
LCA,FMT_NGBB-Placebo,0.8777166830732149,1.0
LCA,NGBB-Placebo,0.39330163935061535,0.7434360256017729
LPA14.0,Chow control-FMT,0.015397184514831573,0.1564959737573045
LPA14.0,Chow control-FMT_NGBB,0.03372635757681134,0.2567691365337619
LPA14.0,Chow control-NGBB,0.012586117500320342,0.13690162895085284
LPA14.0,Chow control-Placebo,0.07623611561456438,0.3874294400084419
LPA14.0,FMT-FMT_NGBB,1.0,1.0
LPA14.0,FMT-NGBB,0.4789467068878833,0.8093522693932313
LPA14.0,FMT-Placebo,0.3283056812468577,0.7018949047346613
LPA14.0,FMT_NGBB-NGBB,0.8777166830732149,1.0
LPA14.0,FMT_NGBB-Placebo,0.6008776409544788,0.8807190009261865
LPA14.0,NGBB-Placebo,0.4701007598741287,0.8093522693932313
LPA16.0,Chow control-FMT,0.9947,1.0
LPA16.0,Chow control-FMT_NGBB,0.9314,1.0
LPA16.0,Chow control-NGBB,0.4679,1.0
LPA16.0,Chow control-Placebo,0.9126,1.0
LPA16.0,FMT-FMT_NGBB,0.9983,1.0
LPA16.0,FMT-NGBB,0.8213,1.0
LPA16.0,FMT-Placebo,0.9964,1.0
LPA16.0,FMT_NGBB-NGBB,0.8944,1.0
LPA16.0,FMT_NGBB-Placebo,1.0,1.0
LPA16.0,NGBB-Placebo,0.9269,1.0
LPA16.1,Chow control-FMT,0.06925590749120161,0.3557664099329287
LPA16.1,Chow control-FMT_NGBB,0.11655091953221396,0.4662036781288558
LPA16.1,Chow control-NGBB,0.02557464990093703,0.22022615192473555
LPA16.1,Chow control-Placebo,0.0070968436292014455,0.08800086100209793
LPA16.1,FMT-FMT_NGBB,0.8369453044375644,0.9986244569853293
LPA16.1,FMT-NGBB,0.8601055806938159,0.9986244569853293
LPA16.1,FMT-Placebo,0.37493715434891906,0.7310095462148736
LPA16.1,FMT_NGBB-NGBB,0.9754506745843579,1.0
LPA16.1,FMT_NGBB-Placebo,0.4790843272053482,0.8093522693932313
LPA16.1,NGBB-Placebo,0.430708328947102,0.7740265621658066
LPA18.0,Chow control-FMT,0.9273,1.0
LPA18.0,Chow control-FMT_NGBB,0.9997,1.0
LPA18.0,Chow control-NGBB,0.9738,1.0
LPA18.0,Chow control-Placebo,0.9999,1.0
LPA18.0,FMT-FMT_NGBB,0.9653,1.0
LPA18.0,FMT-NGBB,0.6686,1.0
LPA18.0,FMT-Placebo,0.8829,1.0
LPA18.0,FMT_NGBB-NGBB,0.927,1.0
LPA18.0,FMT_NGBB-Placebo,0.9971,1.0
LPA18.0,NGBB-Placebo,0.9904,1.0
LPA18.1,Chow control-FMT,0.0602,0.45959139784946235
LPA18.1,Chow control-FMT_NGBB,0.1163,0.7372589285714285
LPA18.1,Chow control-NGBB,0.08,0.568
LPA18.1,Chow control-Placebo,0.0277,0.26222666666666666
LPA18.1,FMT-FMT_NGBB,0.9675,1.0
LPA18.1,FMT-NGBB,0.9924,1.0
LPA18.1,FMT-Placebo,1.0,1.0
LPA18.1,FMT_NGBB-NGBB,0.9994,1.0
LPA18.1,FMT_NGBB-Placebo,0.961,1.0
LPA18.1,NGBB-Placebo,0.9921,1.0
LPA18.2,Chow control-FMT,0.5961538461538461,0.8807190009261865
LPA18.2,Chow control-FMT_NGBB,0.11655091953221396,0.4662036781288558
LPA18.2,Chow control-NGBB,0.32463627173040743,0.7018949047346613
LPA18.2,Chow control-Placebo,0.5545304064894243,0.872622393400388
LPA18.2,FMT-FMT_NGBB,0.5918075732317218,0.8807190009261865
LPA18.2,FMT-NGBB,0.9298014077425841,1.0
LPA18.2,FMT-Placebo,0.5961538461538461,0.8807190009261865
LPA18.2,FMT_NGBB-NGBB,0.4790843272053482,0.8093522693932313
LPA18.2,FMT_NGBB-Placebo,0.28145768484462164,0.6653228092856576
LPA18.2,NGBB-Placebo,0.6457638203049723,0.9099770340435871
LPA20.3,Chow control-FMT,0.7906,1.0
LPA20.3,Chow control-FMT_NGBB,0.1575,0.9018145161290323
LPA20.3,Chow control-NGBB,0.4501,1.0
LPA20.3,Chow control-Placebo,0.1374,0.8337948717948718
LPA20.3,FMT-FMT_NGBB,0.9005,1.0
LPA20.3,FMT-NGBB,0.9962,1.0
LPA20.3,FMT-Placebo,0.8652,1.0
LPA20.3,FMT_NGBB-NGBB,0.9757,1.0
LPA20.3,FMT_NGBB-Placebo,1.0,1.0
LPA20.3,NGBB-Placebo,0.9565,1.0
LPA20.4,Chow control-FMT,0.37493715434891906,0.7310095462148736
LPA20.4,Chow control-FMT_NGBB,0.06943183161594253,0.3557664099329287
LPA20.4,Chow control-NGBB,0.04178899680298453,0.2735294117647059
LPA20.4,Chow control-Placebo,0.06597105309665711,0.3557664099329287
LPA20.4,FMT-FMT_NGBB,0.535841867111217,0.8609496010440845
LPA20.4,FMT-NGBB,0.37493715434891906,0.7310095462148736
LPA20.4,FMT-Placebo,0.4789467068878833,0.8093522693932313
LPA20.4,FMT_NGBB-NGBB,0.9264448963254215,1.0
LPA20.4,FMT_NGBB-Placebo,1.0,1.0
LPA20.4,NGBB-Placebo,0.9476445296225945,1.0
LPA20.5,Chow control-FMT,0.1051,0.6909351851851853
LPA20.5,Chow control-FMT_NGBB,0.1514,0.8883801652892562
LPA20.5,Chow control-NGBB,0.1045,0.6909351851851853
LPA20.5,Chow control-Placebo,0.0459,0.38796428571428576
LPA20.5,FMT-FMT_NGBB,0.9867,1.0
LPA20.5,FMT-NGBB,0.9983,1.0
LPA20.5,FMT-Placebo,1.0,1.0
LPA20.5,FMT_NGBB-NGBB,0.9993,1.0
LPA20.5,FMT_NGBB-Placebo,0.9749,1.0
LPA20.5,NGBB-Placebo,0.9964,1.0
LPA22.4,Chow control-FMT,0.1355,0.8293534482758621
LPA22.4,Chow control-FMT_NGBB,0.324,1.0
LPA22.4,Chow control-NGBB,0.2099,1.0
LPA22.4,Chow control-Placebo,0.2004,1.0
LPA22.4,FMT-FMT_NGBB,0.9431,1.0
LPA22.4,FMT-NGBB,0.9888,1.0
LPA22.4,FMT-Placebo,0.9906,1.0
LPA22.4,FMT_NGBB-NGBB,0.9982,1.0
LPA22.4,FMT_NGBB-Placebo,0.9975,1.0
LPA22.4,NGBB-Placebo,1.0,1.0
LPA22.5,Chow control-FMT,0.9999999999999999,1.0
LPA22.5,Chow control-FMT_NGBB,0.30986525936179343,0.6935612303404762
LPA22.5,Chow control-NGBB,0.8438314252467704,0.9986244569853293
LPA22.5,Chow control-Placebo,0.4701007598741287,0.8093522693932313
LPA22.5,FMT-FMT_NGBB,0.535841867111217,0.8609496010440845
LPA22.5,FMT-NGBB,0.9298014077425841,1.0
LPA22.5,FMT-Placebo,0.37493715434891906,0.7310095462148736
LPA22.5,FMT_NGBB-NGBB,0.37217143978212575,0.7310095462148736
LPA22.5,FMT_NGBB-Placebo,0.8294475889935782,0.9986244569853293
LPA22.5,NGBB-Placebo,0.32463627173040743,0.7018949047346613
LPA22.6,Chow control-FMT,0.9999999999999999,1.0
LPA22.6,Chow control-FMT_NGBB,0.20706115487008625,0.6175685519853519
LPA22.6,Chow control-NGBB,0.0877681118303241,0.40609126369254434
LPA22.6,Chow control-Placebo,0.23721752775378102,0.6451210421853089
LPA22.6,FMT-FMT_NGBB,0.2614114471699611,0.6451210421853089
LPA22.6,FMT-NGBB,0.17911010558069382,0.5783763826043238
LPA22.6,FMT-Placebo,0.3283056812468577,0.7018949047346613
LPA22.6,FMT_NGBB-NGBB,1.0,1.0
LPA22.6,FMT_NGBB-Placebo,0.7349852214121391,0.9513378648758376
LPA22.6,NGBB-Placebo,0.7426659029196823,0.9513488839053781
LPE14.0,Chow control-FMT,0.9171,1.0
LPE14.0,Chow control-FMT_NGBB,0.5703,1.0
LPE14.0,Chow control-NGBB,0.832,1.0
LPE14.0,Chow control-Placebo,0.9997,1.0
LPE14.0,FMT-FMT_NGBB,0.9905,1.0
LPE14.0,FMT-NGBB,1.0,1.0
LPE14.0,FMT-Placebo,0.8536,1.0
LPE14.0,FMT_NGBB-NGBB,0.9929,1.0
LPE14.0,FMT_NGBB-Placebo,0.4536,1.0
LPE14.0,NGBB-Placebo,0.7334,1.0
LPE16.0,Chow control-FMT,0.17911010558069382,0.5783763826043238
LPE16.0,Chow control-FMT_NGBB,0.003462059404058883,0.06132790944332879
LPE16.0,Chow control-NGBB,0.0016220041892740272,0.03352141991166323
LPE16.0,Chow control-Placebo,0.0070968436292014455,0.08800086100209793
LPE16.0,FMT-FMT_NGBB,0.2268397237437485,0.642577444991332
LPE16.0,FMT-NGBB,0.05555555555555556,0.316530876362728
LPE16.0,FMT-Placebo,0.3283056812468577,0.7018949047346613
LPE16.0,FMT_NGBB-NGBB,0.6008776409544788,0.8807190009261865
LPE16.0,FMT_NGBB-Placebo,0.6008776409544788,0.8807190009261865
LPE16.0,NGBB-Placebo,0.35793336989339997,0.7310095462148736
LPE16.1,Chow control-FMT,0.9817,1.0
LPE16.1,Chow control-FMT_NGBB,0.973,1.0
LPE16.1,Chow control-NGBB,0.9969,1.0
LPE16.1,Chow control-Placebo,0.9263,1.0
LPE16.1,FMT-FMT_NGBB,0.8101,1.0
LPE16.1,FMT-NGBB,0.9992,1.0
LPE16.1,FMT-Placebo,0.9998,1.0
LPE16.1,FMT_NGBB-NGBB,0.8709,1.0
LPE16.1,FMT_NGBB-Placebo,0.6078,1.0
LPE16.1,NGBB-Placebo,0.9901,1.0
LPE18.0,Chow control-FMT,0.24629210658622425,0.6451210421853089
LPE18.0,Chow control-FMT_NGBB,0.2548715759015092,0.6451210421853089
LPE18.0,Chow control-NGBB,0.6457638203049723,0.9099770340435871
LPE18.0,Chow control-Placebo,0.21216467995625798,0.6175685519853519
LPE18.0,FMT-FMT_NGBB,0.0831150273874732,0.4039200334665085
LPE18.0,FMT-NGBB,0.7242332830568124,0.9513378648758376
LPE18.0,FMT-Placebo,0.6589994972347913,0.9099770340435871
LPE18.0,FMT_NGBB-NGBB,0.09054915588749132,0.41279762242826923
LPE18.0,FMT_NGBB-Placebo,0.045474707555223745,0.27641488906116396
LPE18.0,NGBB-Placebo,0.4701007598741287,0.8093522693932313
LPE18.1,Chow control-FMT,0.998,1.0
LPE18.1,Chow control-FMT_NGBB,0.9914,1.0
LPE18.1,Chow control-NGBB,0.9959,1.0
LPE18.1,Chow control-Placebo,0.9489,1.0
LPE18.1,FMT-FMT_NGBB,0.9546,1.0
LPE18.1,FMT-NGBB,1.0,1.0
LPE18.1,FMT-Placebo,0.9971,1.0
LPE18.1,FMT_NGBB-NGBB,0.9217,1.0
LPE18.1,FMT_NGBB-Placebo,0.756,1.0
LPE18.1,NGBB-Placebo,0.9963,1.0
LPE18.2,Chow control-FMT,0.037,0.3292625
LPE18.2,Chow control-FMT_NGBB,0.003,0.051186046511627906
LPE18.2,Chow control-NGBB,0.0923,0.6241238095238095
LPE18.2,Chow control-Placebo,0.1884,1.0
LPE18.2,FMT-FMT_NGBB,0.9953,1.0
LPE18.2,FMT-NGBB,0.9575,1.0
LPE18.2,FMT-Placebo,0.8556,1.0
LPE18.2,FMT_NGBB-NGBB,0.7303,1.0
LPE18.2,FMT_NGBB-Placebo,0.5106,1.0
LPE18.2,NGBB-Placebo,0.9968,1.0
LPE18.3,Chow control-FMT,0.004147812971342383,0.06368459897252347
LPE18.3,Chow control-FMT_NGBB,0.0007958240403044203,0.02145264804298872
LPE18.3,Chow control-NGBB,0.04178899680298453,0.2735294117647059
LPE18.3,Chow control-Placebo,0.13096810379821186,0.4914717829646654
LPE18.3,FMT-FMT_NGBB,0.38445661665475905,0.7379662610710545
LPE18.3,FMT-NGBB,0.2854449472096531,0.6653228092856576
LPE18.3,FMT-Placebo,0.6589994972347913,0.9099770340435871
LPE18.3,FMT_NGBB-NGBB,0.10289828405120355,0.4335759428534794
LPE18.3,FMT_NGBB-Placebo,0.6008776409544788,0.8807190009261865
LPE18.3,NGBB-Placebo,1.0,1.0
LPE20.3,Chow control-FMT,0.0878,0.6111568627450981
LPE20.3,Chow control-FMT_NGBB,0.2961,1.0
LPE20.3,Chow control-NGBB,0.0635,0.4745789473684211
LPE20.3,Chow control-Placebo,0.0164,0.17184057971014494
LPE20.3,FMT-FMT_NGBB,0.8924,1.0
LPE20.3,FMT-NGBB,0.9997,1.0
LPE20.3,FMT-Placebo,0.9984,1.0
LPE20.3,FMT_NGBB-NGBB,0.9218,1.0
LPE20.3,FMT_NGBB-Placebo,0.6482,1.0
LPE20.3,NGBB-Placebo,0.9831,1.0
LPE20.4,Chow control-FMT,0.9608,1.0
LPE20.4,Chow control-FMT_NGBB,0.5883,1.0
LPE20.4,Chow control-NGBB,0.4127,1.0
LPE20.4,Chow control-Placebo,0.4759,1.0
LPE20.4,FMT-FMT_NGBB,0.9742,1.0
LPE20.4,FMT-NGBB,0.9062,1.0
LPE20.4,FMT-Placebo,0.9359,1.0
LPE20.4,FMT_NGBB-NGBB,0.9976,1.0
LPE20.4,FMT_NGBB-Placebo,0.9995,1.0
LPE20.4,NGBB-Placebo,1.0,1.0
LPE20.5,Chow control-FMT,0.0784,0.5622626262626262
LPE20.5,Chow control-FMT_NGBB,0.0011,0.02366666666666667
LPE20.5,Chow control-NGBB,0.1342,0.8285391304347827
LPE20.5,Chow control-Placebo,0.192,1.0
LPE20.5,FMT-FMT_NGBB,0.8613,1.0
LPE20.5,FMT-NGBB,0.9837,1.0
LPE20.5,FMT-Placebo,0.9575,1.0
LPE20.5,FMT_NGBB-NGBB,0.4227,1.0
LPE20.5,FMT_NGBB-Placebo,0.3209,1.0
LPE20.5,NGBB-Placebo,0.9997,1.0
LPE22.4,Chow control-FMT,0.1128,0.7215135135135134
LPE22.4,Chow control-FMT_NGBB,0.0904,0.6231456310679612
LPE22.4,Chow control-NGBB,0.056,0.44177777777777777
LPE22.4,Chow control-Placebo,0.0132,0.14876190476190476
LPE22.4,FMT-FMT_NGBB,0.999,1.0
LPE22.4,FMT-NGBB,1.0,1.0
LPE22.4,FMT-Placebo,0.9893,1.0
LPE22.4,FMT_NGBB-NGBB,0.9988,1.0
LPE22.4,FMT_NGBB-Placebo,0.9166,1.0
LPE22.4,NGBB-Placebo,0.9801,1.0
LPE22.5,Chow control-FMT,0.7914152840623428,0.9772242988307859
LPE22.5,Chow control-FMT_NGBB,0.5181302014501532,0.8498431875637434
LPE22.5,Chow control-NGBB,0.35793336989339997,0.7310095462148736
LPE22.5,Chow control-Placebo,0.39330163935061535,0.7434360256017729
LPE22.5,FMT-FMT_NGBB,0.7108438517107247,0.9513378648758376
LPE22.5,FMT-NGBB,0.42515082956259426,0.7740265621658066
LPE22.5,FMT-Placebo,0.8601055806938159,0.9986244569853293
LPE22.5,FMT_NGBB-NGBB,0.9264448963254215,1.0
LPE22.5,FMT_NGBB-Placebo,0.7818140034887688,0.9772242988307859
LPE22.5,NGBB-Placebo,1.0,1.0
LPE22.6,Chow control-FMT,0.7926,1.0
LPE22.6,Chow control-FMT_NGBB,0.2844,1.0
LPE22.6,Chow control-NGBB,0.0438,0.3792439024390244
LPE22.6,Chow control-Placebo,0.0815,0.5729207920792079
LPE22.6,FMT-FMT_NGBB,0.9733,1.0
LPE22.6,FMT-NGBB,0.6152,1.0
LPE22.6,FMT-Placebo,0.7558,1.0
LPE22.6,FMT_NGBB-NGBB,0.8722,1.0
LPE22.6,FMT_NGBB-Placebo,0.9579,1.0
LPE22.6,NGBB-Placebo,0.9989,1.0
LPG14.0,Chow control-FMT,0.012,0.14200000000000002
LPG14.0,Chow control-FMT_NGBB,0.0077,0.09889285714285713
LPG14.0,Chow control-NGBB,0.0001,0.0032272727272727275
LPG14.0,Chow control-Placebo,0.0009,0.019968749999999997
LPG14.0,FMT-FMT_NGBB,0.9973,1.0
LPG14.0,FMT-NGBB,0.874,1.0
LPG14.0,FMT-Placebo,0.9964,1.0
LPG14.0,FMT_NGBB-NGBB,0.579,1.0
LPG14.0,FMT_NGBB-Placebo,0.9319,1.0
LPG14.0,NGBB-Placebo,0.9606,1.0
LPG16.0,Chow control-FMT,0.3634,1.0
LPG16.0,Chow control-FMT_NGBB,0.2385,1.0
LPG16.0,Chow control-NGBB,0.013,0.14876190476190476
LPG16.0,Chow control-Placebo,0.0449,0.3840843373493976
LPG16.0,FMT-FMT_NGBB,1.0,1.0
LPG16.0,FMT-NGBB,0.7949,1.0
LPG16.0,FMT-Placebo,0.9555,1.0
LPG16.0,FMT_NGBB-NGBB,0.6727,1.0
LPG16.0,FMT_NGBB-Placebo,0.915,1.0
LPG16.0,NGBB-Placebo,0.9891,1.0
LPG16.1,Chow control-FMT,0.0366,0.3292625
LPG16.1,Chow control-FMT_NGBB,0.0162,0.17184057971014494
LPG16.1,Chow control-NGBB,0.0003,0.009260869565217392
LPG16.1,Chow control-Placebo,0.0006,0.015777777777777776
LPG16.1,FMT-FMT_NGBB,0.9999,1.0
LPG16.1,FMT-NGBB,0.7852,1.0
LPG16.1,FMT-Placebo,0.887,1.0
LPG16.1,FMT_NGBB-NGBB,0.5822,1.0
LPG16.1,FMT_NGBB-Placebo,0.7366,1.0
LPG16.1,NGBB-Placebo,0.9992,1.0
LPG18.0,Chow control-FMT,0.092,0.6241238095238095
LPG18.0,Chow control-FMT_NGBB,0.2378,1.0
LPG18.0,Chow control-NGBB,0.2034,1.0
LPG18.0,Chow control-Placebo,0.1812,1.0
LPG18.0,FMT-FMT_NGBB,0.9369,1.0
LPG18.0,FMT-NGBB,0.9664,1.0
LPG18.0,FMT-Placebo,0.9755,1.0
LPG18.0,FMT_NGBB-NGBB,0.9999,1.0
LPG18.0,FMT_NGBB-Placebo,0.9997,1.0
LPG18.0,NGBB-Placebo,1.0,1.0
LPG18.1,Chow control-FMT,0.3985,1.0
LPG18.1,Chow control-FMT_NGBB,0.1643,0.9258174603174603
LPG18.1,Chow control-NGBB,0.1096,0.707418181818182
LPG18.1,Chow control-Placebo,0.0705,0.5151122448979591
LPG18.1,FMT-FMT_NGBB,0.9996,1.0
LPG18.1,FMT-NGBB,0.9932,1.0
LPG18.1,FMT-Placebo,0.9751,1.0
LPG18.1,FMT_NGBB-NGBB,0.9991,1.0
LPG18.1,FMT_NGBB-Placebo,0.9911,1.0
LPG18.1,NGBB-Placebo,0.9996,1.0
LPG18.2,Chow control-FMT,0.8813,1.0
LPG18.2,Chow control-FMT_NGBB,0.6304,1.0
LPG18.2,Chow control-NGBB,0.9934,1.0
LPG18.2,Chow control-Placebo,0.994,1.0
LPG18.2,FMT-FMT_NGBB,0.9987,1.0
LPG18.2,FMT-NGBB,0.9792,1.0
LPG18.2,FMT-Placebo,0.9778,1.0
LPG18.2,FMT_NGBB-NGBB,0.8659,1.0
LPG18.2,FMT_NGBB-Placebo,0.861,1.0
LPG18.2,NGBB-Placebo,1.0,1.0
LPG20.3,Chow control-FMT,0.0234,0.22758904109589043
LPG20.3,Chow control-FMT_NGBB,0.0501,0.40744318181818184
LPG20.3,Chow control-NGBB,0.0071,0.09511320754716981
LPG20.3,Chow control-Placebo,0.0197,0.19699999999999998
LPG20.3,FMT-FMT_NGBB,0.9552,1.0
LPG20.3,FMT-NGBB,1.0,1.0
LPG20.3,FMT-Placebo,0.9978,1.0
LPG20.3,FMT_NGBB-NGBB,0.9251,1.0
LPG20.3,FMT_NGBB-Placebo,0.9923,1.0
LPG20.3,NGBB-Placebo,0.9958,1.0
LPG20.4,Chow control-FMT,0.9238,1.0
LPG20.4,Chow control-FMT_NGBB,0.4632,1.0
LPG20.4,Chow control-NGBB,0.8069,1.0
LPG20.4,Chow control-Placebo,0.7326,1.0
LPG20.4,FMT-FMT_NGBB,0.969,1.0
LPG20.4,FMT-NGBB,0.9999,1.0
LPG20.4,FMT-Placebo,0.9988,1.0
LPG20.4,FMT_NGBB-NGBB,0.9818,1.0
LPG20.4,FMT_NGBB-Placebo,0.9939,1.0
LPG20.4,NGBB-Placebo,0.9999,1.0
LPG22.4,Chow control-FMT,0.04411764705882353,0.2735294117647059
LPG22.4,Chow control-FMT_NGBB,0.7349852214121391,0.9513378648758376
LPG22.4,Chow control-NGBB,0.26429152373398135,0.6451210421853089
LPG22.4,Chow control-Placebo,0.5114059218501164,0.8477852180402998
LPG22.4,FMT-FMT_NGBB,0.14221640073033262,0.5197405172895369
LPG22.4,FMT-NGBB,0.42515082956259426,0.7740265621658066
LPG22.4,FMT-Placebo,0.3283056812468577,0.7018949047346613
LPG22.4,FMT_NGBB-NGBB,0.20706115487008625,0.6175685519853519
LPG22.4,FMT_NGBB-Placebo,0.5587598228708937,0.872622393400388
LPG22.4,NGBB-Placebo,0.6935883744907081,0.938918760227596
LPG22.6,Chow control-FMT,0.9997,1.0
LPG22.6,Chow control-FMT_NGBB,0.9896,1.0
LPG22.6,Chow control-NGBB,0.7473,1.0
LPG22.6,Chow control-Placebo,0.6186,1.0
LPG22.6,FMT-FMT_NGBB,0.9994,1.0
LPG22.6,FMT-NGBB,0.904,1.0
LPG22.6,FMT-Placebo,0.8239,1.0
LPG22.6,FMT_NGBB-NGBB,0.9402,1.0
LPG22.6,FMT_NGBB-Placebo,0.8636,1.0
LPG22.6,NGBB-Placebo,0.9995,1.0
LPI16.0,Chow control-FMT,0.2599,1.0
LPI16.0,Chow control-FMT_NGBB,0.499,1.0
LPI16.0,Chow control-NGBB,0.5944,1.0
LPI16.0,Chow control-Placebo,0.236,1.0
LPI16.0,FMT-FMT_NGBB,0.9621,1.0
LPI16.0,FMT-NGBB,0.9401,1.0
LPI16.0,FMT-Placebo,0.9997,1.0
LPI16.0,FMT_NGBB-NGBB,1.0,1.0
LPI16.0,FMT_NGBB-Placebo,0.9828,1.0
LPI16.0,NGBB-Placebo,0.9667,1.0
LPI16.1,Chow control-FMT,0.9746,1.0
LPI16.1,Chow control-FMT_NGBB,0.9368,1.0
LPI16.1,Chow control-NGBB,0.5805,1.0
LPI16.1,Chow control-Placebo,0.3389,1.0
LPI16.1,FMT-FMT_NGBB,1.0,1.0
LPI16.1,FMT-NGBB,0.9541,1.0
LPI16.1,FMT-Placebo,0.8235,1.0
LPI16.1,FMT_NGBB-NGBB,0.9466,1.0
LPI16.1,FMT_NGBB-Placebo,0.7778,1.0
LPI16.1,NGBB-Placebo,0.9941,1.0
LPI18.0,Chow control-FMT,0.7242332830568124,0.9513378648758376
LPI18.0,Chow control-FMT_NGBB,0.8777166830732149,1.0
LPI18.0,Chow control-NGBB,1.0,1.0
LPI18.0,Chow control-Placebo,0.9476445296225945,1.0
LPI18.0,FMT-FMT_NGBB,0.9018020163530999,1.0
LPI18.0,FMT-NGBB,0.24629210658622425,0.6451210421853089
LPI18.0,FMT-Placebo,0.5961538461538461,0.8807190009261865
LPI18.0,FMT_NGBB-NGBB,1.0,1.0
LPI18.0,FMT_NGBB-Placebo,0.9264448963254215,1.0
LPI18.0,NGBB-Placebo,0.9476445296225945,1.0
LPI18.1,Chow control-FMT,0.5567,1.0
LPI18.1,Chow control-FMT_NGBB,0.0678,0.5014375000000001
LPI18.1,Chow control-NGBB,0.0067,0.09148076923076924
LPI18.1,Chow control-Placebo,0.0273,0.26193243243243247
LPI18.1,FMT-FMT_NGBB,0.9185,1.0
LPI18.1,FMT-NGBB,0.4747,1.0
LPI18.1,FMT-Placebo,0.7531,1.0
LPI18.1,FMT_NGBB-NGBB,0.8718,1.0
LPI18.1,FMT_NGBB-Placebo,0.9923,1.0
LPI18.1,NGBB-Placebo,0.9857,1.0
LPI18.2,Chow control-FMT,0.0,0.0
LPI18.2,Chow control-FMT_NGBB,0.0,0.0
LPI18.2,Chow control-NGBB,0.0,0.0
LPI18.2,Chow control-Placebo,0.0,0.0
LPI18.2,FMT-FMT_NGBB,0.9998,1.0
LPI18.2,FMT-NGBB,0.9313,1.0
LPI18.2,FMT-Placebo,0.9945,1.0
LPI18.2,FMT_NGBB-NGBB,0.7924,1.0
LPI18.2,FMT_NGBB-Placebo,0.9623,1.0
LPI18.2,NGBB-Placebo,0.9914,1.0
LPI20.4,Chow control-FMT,0.4744,1.0
LPI20.4,Chow control-FMT_NGBB,0.0711,0.5151122448979591
LPI20.4,Chow control-NGBB,0.1567,0.9018145161290323
LPI20.4,Chow control-Placebo,0.2318,1.0
LPI20.4,FMT-FMT_NGBB,0.9594,1.0
LPI20.4,FMT-NGBB,0.9946,1.0
LPI20.4,FMT-Placebo,0.9995,1.0
LPI20.4,FMT_NGBB-NGBB,0.9977,1.0
LPI20.4,FMT_NGBB-Placebo,0.9839,1.0
LPI20.4,NGBB-Placebo,0.9996,1.0
LPI22.4,Chow control-FMT,0.9983,1.0
LPI22.4,Chow control-FMT_NGBB,0.8747,1.0
LPI22.4,Chow control-NGBB,0.9998,1.0
LPI22.4,Chow control-Placebo,1.0,1.0
LPI22.4,FMT-FMT_NGBB,0.9829,1.0
LPI22.4,FMT-NGBB,0.9913,1.0
LPI22.4,FMT-Placebo,0.9951,1.0
LPI22.4,FMT_NGBB-NGBB,0.7879,1.0
LPI22.4,FMT_NGBB-Placebo,0.8254,1.0
LPI22.4,NGBB-Placebo,1.0,1.0
LPI22.6,Chow control-FMT,0.6539,1.0
LPI22.6,Chow control-FMT_NGBB,0.2889,1.0
LPI22.6,Chow control-NGBB,0.665,1.0
LPI22.6,Chow control-Placebo,0.5412,1.0
LPI22.6,FMT-FMT_NGBB,0.9964,1.0
LPI22.6,FMT-NGBB,0.9998,1.0
LPI22.6,FMT-Placebo,1.0,1.0
LPI22.6,FMT_NGBB-NGBB,0.9726,1.0
LPI22.6,FMT_NGBB-Placebo,0.9939,1.0
LPI22.6,NGBB-Placebo,0.9997,1.0
LPS16.0,Chow control-FMT,0.37493715434891906,0.7310095462148736
LPS16.0,Chow control-FMT_NGBB,0.23008418191625113,0.642577444991332
LPS16.0,Chow control-NGBB,0.14856177489186861,0.5197405172895369
LPS16.0,Chow control-Placebo,0.14856177489186861,0.5197405172895369
LPS16.0,FMT-FMT_NGBB,0.10026196713503215,0.43343032117469854
LPS16.0,FMT-NGBB,0.08534439416792358,0.4039200334665085
LPS16.0,FMT-Placebo,0.03456510809451986,0.2567691365337619
LPS16.0,FMT_NGBB-NGBB,0.9754506745843579,1.0
LPS16.0,FMT_NGBB-Placebo,0.9264448963254215,1.0
LPS16.0,NGBB-Placebo,0.8955142436987509,1.0
LPS18.0,Chow control-FMT,0.3283056812468577,0.7018949047346613
LPS18.0,Chow control-FMT_NGBB,0.7818140034887688,0.9772242988307859
LPS18.0,Chow control-NGBB,0.13096810379821186,0.4914717829646654
LPS18.0,Chow control-Placebo,0.2934238832742103,0.6663839107326388
LPS18.0,FMT-FMT_NGBB,0.6503532587123918,0.9099770340435871
LPS18.0,FMT-NGBB,0.1508924082453494,0.5197405172895369
LPS18.0,FMT-Placebo,0.24629210658622425,0.6451210421853089
LPS18.0,FMT_NGBB-NGBB,0.06943183161594253,0.3557664099329287
LPS18.0,FMT_NGBB-Placebo,0.18575772936738777,0.5936587227205176
LPS18.0,NGBB-Placebo,0.2934238832742103,0.6663839107326388
LPS18.1,Chow control-FMT,0.7242332830568124,0.9513378648758376
LPS18.1,Chow control-FMT_NGBB,0.6443731499599503,0.9099770340435871
LPS18.1,Chow control-NGBB,0.9476445296225945,1.0
LPS18.1,Chow control-Placebo,0.8438314252467704,0.9986244569853293
LPS18.1,FMT-FMT_NGBB,0.2991188378185282,0.6743770161726818
LPS18.1,FMT-NGBB,0.9298014077425841,1.0
LPS18.1,FMT-Placebo,0.8601055806938159,0.9986244569853293
LPS18.1,FMT_NGBB-NGBB,0.37217143978212575,0.7310095462148736
LPS18.1,FMT_NGBB-Placebo,0.3401043685615801,0.7102647763122479
LPS18.1,NGBB-Placebo,0.8438314252467704,0.9986244569853293
LPS18.2,Chow control-FMT,0.10419808949220714,0.4335759428534794
LPS18.2,Chow control-FMT_NGBB,0.10289828405120355,0.4335759428534794
LPS18.2,Chow control-NGBB,0.11503496229473924,0.4662036781288558
LPS18.2,Chow control-Placebo,0.23721752775378102,0.6451210421853089
LPS18.2,FMT-FMT_NGBB,0.6503532587123918,0.9099770340435871
LPS18.2,FMT-NGBB,0.5360105580693816,0.8609496010440845
LPS18.2,FMT-Placebo,0.5961538461538461,0.8807190009261865
LPS18.2,FMT_NGBB-NGBB,0.6891216451070523,0.938918760227596
LPS18.2,FMT_NGBB-Placebo,0.9264448963254215,1.0
LPS18.2,NGBB-Placebo,0.7426659029196823,0.9513488839053781
LPS20.4,Chow control-FMT,0.6589994972347913,0.9099770340435871
LPS20.4,Chow control-FMT_NGBB,0.8777166830732149,1.0
LPS20.4,Chow control-NGBB,0.5545304064894243,0.872622393400388
LPS20.4,Chow control-Placebo,0.9476445296225945,1.0
LPS20.4,FMT-FMT_NGBB,0.34023973962054455,0.7102647763122479
LPS20.4,FMT-NGBB,0.8601055806938159,0.9986244569853293
LPS20.4,FMT-Placebo,0.8601055806938159,0.9986244569853293
LPS20.4,FMT_NGBB-NGBB,0.28145768484462164,0.6653228092856576
LPS20.4,FMT_NGBB-Placebo,0.6443731499599503,0.9099770340435871
LPS20.4,NGBB-Placebo,0.430708328947102,0.7740265621658066
LPS22.4,Chow control-FMT,0.655,1.0
LPS22.4,Chow control-FMT_NGBB,0.998,1.0
LPS22.4,Chow control-NGBB,0.8169,1.0
LPS22.4,Chow control-Placebo,0.448,1.0
LPS22.4,FMT-FMT_NGBB,0.7985,1.0
LPS22.4,FMT-NGBB,0.9938,1.0
LPS22.4,FMT-Placebo,0.9999,1.0
LPS22.4,FMT_NGBB-NGBB,0.9312,1.0
LPS22.4,FMT_NGBB-Placebo,0.6169,1.0
LPS22.4,NGBB-Placebo,0.972,1.0
LPS22.6,Chow control-FMT,0.42515082956259426,0.7740265621658066
LPS22.6,Chow control-FMT_NGBB,0.9754506745843579,1.0
LPS22.6,Chow control-NGBB,0.2934238832742103,0.6663839107326388
LPS22.6,Chow control-Placebo,0.5545304064894243,0.872622393400388
LPS22.6,FMT-FMT_NGBB,0.34023973962054455,0.7102647763122479
LPS22.6,FMT-NGBB,0.9999999999999999,1.0
LPS22.6,FMT-Placebo,0.9298014077425841,1.0
LPS22.6,FMT_NGBB-NGBB,0.2548715759015092,0.6451210421853089
LPS22.6,FMT_NGBB-Placebo,0.4060484491047267,0.7628789043785775
LPS22.6,NGBB-Placebo,0.8438314252467704,0.9986244569853293
NADA,Chow control-FMT,0.37493715434891906,0.7310095462148736
NADA,Chow control-FMT_NGBB,0.9754506745843579,1.0
NADA,Chow control-NGBB,1.0,1.0
NADA,Chow control-Placebo,0.7426659029196823,0.9513488839053781
NADA,FMT-FMT_NGBB,0.38445661665475905,0.7379662610710545
NADA,FMT-NGBB,0.5360105580693816,0.8609496010440845
NADA,FMT-Placebo,0.1508924082453494,0.5197405172895369
NADA,FMT_NGBB-NGBB,0.8777166830732149,1.0
NADA,FMT_NGBB-Placebo,0.6891216451070523,0.938918760227596
NADA,NGBB-Placebo,0.5545304064894243,0.872622393400388
NO2_aLA,Chow control-FMT,0.9636,1.0
NO2_aLA,Chow control-FMT_NGBB,0.486,1.0
NO2_aLA,Chow control-NGBB,0.9726,1.0
NO2_aLA,Chow control-Placebo,0.505,1.0
NO2_aLA,FMT-FMT_NGBB,0.941,1.0
NO2_aLA,FMT-NGBB,0.9999,1.0
NO2_aLA,FMT-Placebo,0.9434,1.0
NO2_aLA,FMT_NGBB-NGBB,0.8512,1.0
NO2_aLA,FMT_NGBB-Placebo,1.0,1.0
NO2_aLA,NGBB-Placebo,0.8591,1.0
PGD2,Chow control-FMT,0.5961538461538461,0.8807190009261865
PGD2,Chow control-FMT_NGBB,0.1315876064066685,0.4914717829646654
PGD2,Chow control-NGBB,0.16790547565263503,0.5537308239608176
PGD2,Chow control-Placebo,0.6457638203049723,0.9099770340435871
PGD2,FMT-FMT_NGBB,0.10026196713503215,0.43343032117469854
PGD2,FMT-NGBB,0.3283056812468577,0.7018949047346613
PGD2,FMT-Placebo,0.42515082956259426,0.7740265621658066
PGD2,FMT_NGBB-NGBB,0.00890462720971815,0.10825233078480889
PGD2,FMT_NGBB-Placebo,0.23008418191625113,0.642577444991332
PGD2,NGBB-Placebo,0.018081721820705336,0.17794710363233823
PGE2,Chow control-FMT,0.9783,1.0
PGE2,Chow control-FMT_NGBB,0.3236,1.0
PGE2,Chow control-NGBB,0.9774,1.0
PGE2,Chow control-Placebo,0.6939,1.0
PGE2,FMT-FMT_NGBB,0.8065,1.0
PGE2,FMT-NGBB,0.8133,1.0
PGE2,FMT-Placebo,0.9786,1.0
PGE2,FMT_NGBB-NGBB,0.1061,0.6911100917431193
PGE2,FMT_NGBB-Placebo,0.9759,1.0
PGE2,NGBB-Placebo,0.3432,1.0
Sphinganine1P18.0,Chow control-FMT,0.8805,1.0
Sphinganine1P18.0,Chow control-FMT_NGBB,0.9841,1.0
Sphinganine1P18.0,Chow control-NGBB,0.7158,1.0
Sphinganine1P18.0,Chow control-Placebo,0.8757,1.0
Sphinganine1P18.0,FMT-FMT_NGBB,0.9879,1.0
Sphinganine1P18.0,FMT-NGBB,0.9998,1.0
Sphinganine1P18.0,FMT-Placebo,1.0,1.0
Sphinganine1P18.0,FMT_NGBB-NGBB,0.9405,1.0
Sphinganine1P18.0,FMT_NGBB-Placebo,0.9918,1.0
Sphinganine1P18.0,NGBB-Placebo,0.9979,1.0
Sphingosine1P16.1,Chow control-FMT,0.0018853695324283558,0.03652903469079939
Sphingosine1P16.1,Chow control-FMT_NGBB,0.004211400899795908,0.06368459897252347
Sphingosine1P16.1,Chow control-NGBB,0.0005009543818372149,0.016346932459951224
Sphingosine1P16.1,Chow control-Placebo,0.001026174217456427,0.023564000548999434
Sphingosine1P16.1,FMT-FMT_NGBB,0.5918075732317218,0.8807190009261865
Sphingosine1P16.1,FMT-NGBB,0.06925590749120161,0.3557664099329287
Sphingosine1P16.1,FMT-Placebo,0.1508924082453494,0.5197405172895369
Sphingosine1P16.1,FMT_NGBB-NGBB,0.004211400899795908,0.06368459897252347
Sphingosine1P16.1,FMT_NGBB-Placebo,0.05253897729199802,0.3162540380683376
Sphingosine1P16.1,NGBB-Placebo,0.18908180596451618,0.59507979542132
Sphingosine1P18.1,Chow control-FMT,0.12594268476621417,0.49109726135253323
Sphingosine1P18.1,Chow control-FMT_NGBB,0.07942129814627644,0.40033499878610884
Sphingosine1P18.1,Chow control-NGBB,0.430708328947102,0.7740265621658066
Sphingosine1P18.1,Chow control-Placebo,0.03561636409984439,0.2567691365337619
Sphingosine1P18.1,FMT-FMT_NGBB,0.535841867111217,0.8609496010440845
Sphingosine1P18.1,FMT-NGBB,0.5961538461538461,0.8807190009261865
Sphingosine1P18.1,FMT-Placebo,0.6589994972347913,0.9099770340435871
Sphingosine1P18.1,FMT_NGBB-NGBB,0.2548715759015092,0.6451210421853089
Sphingosine1P18.1,FMT_NGBB-Placebo,0.8777166830732149,1.0
Sphingosine1P18.1,NGBB-Placebo,0.23721752775378102,0.6451210421853089
Sphingosine1P18.2,Chow control-FMT,0.979,1.0
Sphingosine1P18.2,Chow control-FMT_NGBB,0.3823,1.0
Sphingosine1P18.2,Chow control-NGBB,0.9876,1.0
Sphingosine1P18.2,Chow control-Placebo,0.9074,1.0
Sphingosine1P18.2,FMT-FMT_NGBB,0.8507,1.0
Sphingosine1P18.2,FMT-NGBB,0.8525,1.0
Sphingosine1P18.2,FMT-Placebo,0.9997,1.0
Sphingosine1P18.2,FMT_NGBB-NGBB,0.1599,0.908232
Sphingosine1P18.2,FMT_NGBB-Placebo,0.8876,1.0
Sphingosine1P18.2,NGBB-Placebo,0.6555,1.0
TCA,Chow control-FMT,0.7206,1.0
TCA,Chow control-FMT_NGBB,0.5381,1.0
TCA,Chow control-NGBB,0.9623,1.0
TCA,Chow control-Placebo,0.9306,1.0
TCA,FMT-FMT_NGBB,1.0,1.0
TCA,FMT-NGBB,0.9631,1.0
TCA,FMT-Placebo,0.3037,1.0
TCA,FMT_NGBB-NGBB,0.9083,1.0
TCA,FMT_NGBB-Placebo,0.1447,0.8620583333333334
TCA,NGBB-Placebo,0.5907,1.0
TCDCA,Chow control-FMT,0.1226,0.7703185840707965
TCDCA,Chow control-FMT_NGBB,0.0578,0.45096703296703294
TCDCA,Chow control-NGBB,0.0499,0.40744318181818184
TCDCA,Chow control-Placebo,0.0078,0.09889285714285713
TCDCA,FMT-FMT_NGBB,1.0,1.0
TCDCA,FMT-NGBB,1.0,1.0
TCDCA,FMT-Placebo,0.9596,1.0
TCDCA,FMT_NGBB-NGBB,0.9999,1.0
TCDCA,FMT_NGBB-Placebo,0.917,1.0
TCDCA,NGBB-Placebo,0.9551,1.0
TDCA,Chow control-FMT,0.9866,1.0
TDCA,Chow control-FMT_NGBB,0.8869,1.0
TDCA,Chow control-NGBB,0.6016,1.0
TDCA,Chow control-Placebo,0.3853,1.0
TDCA,FMT-FMT_NGBB,0.9982,1.0
TDCA,FMT-NGBB,0.9376,1.0
TDCA,FMT-Placebo,0.8138,1.0
TDCA,FMT_NGBB-NGBB,0.9808,1.0
TDCA,FMT_NGBB-Placebo,0.8888,1.0
TDCA,NGBB-Placebo,0.9965,1.0
THDCA,Chow control-FMT,0.9991,1.0
THDCA,Chow control-FMT_NGBB,1.0,1.0
THDCA,Chow control-NGBB,0.6607,1.0
THDCA,Chow control-Placebo,0.3238,1.0
THDCA,FMT-FMT_NGBB,0.9998,1.0
THDCA,FMT-NGBB,0.6049,1.0
THDCA,FMT-Placebo,0.3123,1.0
THDCA,FMT_NGBB-NGBB,0.5757,1.0
THDCA,FMT_NGBB-Placebo,0.2534,1.0
THDCA,NGBB-Placebo,0.9797,1.0
TLCA,Chow control-FMT,0.6397,1.0
TLCA,Chow control-FMT_NGBB,0.0232,0.22758904109589043
TLCA,Chow control-NGBB,0.3871,1.0
TLCA,Chow control-Placebo,0.2296,1.0
TLCA,FMT-FMT_NGBB,0.663,1.0
TLCA,FMT-NGBB,0.9996,1.0
TLCA,FMT-Placebo,0.9886,1.0
TLCA,FMT_NGBB-NGBB,0.6896,1.0
TLCA,FMT_NGBB-Placebo,0.8641,1.0
TLCA,NGBB-Placebo,0.9976,1.0
TUDCA,Chow control-FMT,0.0599,0.45959139784946235
TUDCA,Chow control-FMT_NGBB,0.0111,0.1358793103448276
TUDCA,Chow control-NGBB,0.0193,0.19575714285714288
TUDCA,Chow control-Placebo,0.0031,0.051186046511627906
TUDCA,FMT-FMT_NGBB,0.9997,1.0
TUDCA,FMT-NGBB,1.0,1.0
TUDCA,FMT-Placebo,0.9683,1.0
TUDCA,FMT_NGBB-NGBB,0.9999,1.0
TUDCA,FMT_NGBB-Placebo,0.9848,1.0
TUDCA,NGBB-Placebo,0.9675,1.0
UDCA,Chow control-FMT,0.7242332830568124,0.9513378648758376
UDCA,Chow control-FMT_NGBB,0.7349852214121391,0.9513378648758376
UDCA,Chow control-NGBB,0.6935883744907081,0.938918760227596
UDCA,Chow control-Placebo,0.9476445296225945,1.0
UDCA,FMT-FMT_NGBB,0.967135032150512,1.0
UDCA,FMT-NGBB,0.7914152840623428,0.9772242988307859
UDCA,FMT-Placebo,0.7242332830568124,0.9513378648758376
UDCA,FMT_NGBB-NGBB,0.9264448963254215,1.0
UDCA,FMT_NGBB-Placebo,0.8294475889935782,0.9986244569853293
UDCA,NGBB-Placebo,0.8955142436987509,1.0
cLPA14.0,Chow control-FMT,0.002828054298642534,0.051570401916422676
cLPA14.0,Chow control-FMT_NGBB,0.021001057890991104,0.202402954391806
cLPA14.0,Chow control-NGBB,0.0012927447796956875,0.02862506297897594
cLPA14.0,Chow control-Placebo,0.0006388029959693746,0.018859897976238677
cLPA14.0,FMT-FMT_NGBB,0.967135032150512,1.0
cLPA14.0,FMT-NGBB,0.7914152840623428,0.9772242988307859
cLPA14.0,FMT-Placebo,0.7914152840623428,0.9772242988307859
cLPA14.0,FMT_NGBB-NGBB,0.9264448963254215,1.0
cLPA14.0,FMT_NGBB-Placebo,1.0,1.0
cLPA14.0,NGBB-Placebo,0.5993606964290359,0.8807190009261865
cLPA16.1,Chow control-FMT,0.10419808949220714,0.4335759428534794
cLPA16.1,Chow control-FMT_NGBB,0.9264448963254215,1.0
cLPA16.1,Chow control-NGBB,0.04178899680298453,0.2735294117647059
cLPA16.1,Chow control-Placebo,0.10066768749863966,0.43343032117469854
cLPA16.1,FMT-FMT_NGBB,0.16734143049932523,0.5537308239608176
cLPA16.1,FMT-NGBB,0.6589994972347913,0.9099770340435871
cLPA16.1,FMT-Placebo,0.7242332830568124,0.9513378648758376
cLPA16.1,FMT_NGBB-NGBB,0.1661199704495876,0.5537308239608176
cLPA16.1,FMT_NGBB-Placebo,0.10289828405120355,0.4335759428534794
cLPA16.1,NGBB-Placebo,0.5114059218501164,0.8477852180402998
cLPA18.0,Chow control-FMT,0.026772247360482657,0.227380731006839
cLPA18.0,Chow control-FMT_NGBB,0.00099231216994597,0.023564000548999434
cLPA18.0,Chow control-NGBB,0.0070968436292014455,0.08800086100209793
cLPA18.0,Chow control-Placebo,0.03561636409984439,0.2567691365337619
cLPA18.0,FMT-FMT_NGBB,0.2268397237437485,0.642577444991332
cLPA18.0,FMT-NGBB,0.9298014077425841,1.0
cLPA18.0,FMT-Placebo,0.8601055806938159,0.9986244569853293
cLPA18.0,FMT_NGBB-NGBB,0.23008418191625113,0.642577444991332
cLPA18.0,FMT_NGBB-Placebo,0.1480860615850711,0.5197405172895369
cLPA18.0,NGBB-Placebo,0.8438314252467704,0.9986244569853293
cLPA18.1,Chow control-FMT,0.0059074912016088485,0.07962270749994535
cLPA18.1,Chow control-FMT_NGBB,0.02889808892436385,0.235747567540863
cLPA18.1,Chow control-NGBB,0.001026174217456427,0.023564000548999434
cLPA18.1,Chow control-Placebo,0.0016220041892740272,0.03352141991166323
cLPA18.1,FMT-FMT_NGBB,0.38445661665475905,0.7379662610710545
cLPA18.1,FMT-NGBB,0.9298014077425841,1.0
cLPA18.1,FMT-Placebo,0.4789467068878833,0.8093522693932313
cLPA18.1,FMT_NGBB-NGBB,0.23008418191625113,0.642577444991332
cLPA18.1,FMT_NGBB-Placebo,0.1480860615850711,0.5197405172895369
cLPA18.1,NGBB-Placebo,0.5993606964290359,0.8807190009261865
cLPA18.2,Chow control-FMT,0.0031,0.051186046511627906
cLPA18.2,Chow control-FMT_NGBB,0.0,0.0
cLPA18.2,Chow control-NGBB,0.0487,0.4067882352941177
cLPA18.2,Chow control-Placebo,0.0029,0.051186046511627906
cLPA18.2,FMT-FMT_NGBB,0.7974,1.0
cLPA18.2,FMT-NGBB,0.6633,1.0
cLPA18.2,FMT-Placebo,0.9922,1.0
cLPA18.2,FMT_NGBB-NGBB,0.0505,0.40744318181818184
cLPA18.2,FMT_NGBB-Placebo,0.3984,1.0
cLPA18.2,NGBB-Placebo,0.8391,1.0
cLPA20.4,Chow control-FMT,0.523,1.0
cLPA20.4,Chow control-FMT_NGBB,0.0009,0.019968749999999997
cLPA20.4,Chow control-NGBB,0.0166,0.17184057971014494
cLPA20.4,Chow control-Placebo,0.1902,1.0
cLPA20.4,FMT-FMT_NGBB,0.2204,1.0
cLPA20.4,FMT-NGBB,0.687,1.0
cLPA20.4,FMT-Placebo,0.9951,1.0
cLPA20.4,FMT_NGBB-NGBB,0.8865,1.0
cLPA20.4,FMT_NGBB-Placebo,0.2862,1.0
cLPA20.4,NGBB-Placebo,0.8329,1.0
delta17_6_keto_PGF1a,Chow control-FMT,0.9298014077425841,1.0
delta17_6_keto_PGF1a,Chow control-FMT_NGBB,0.2548715759015092,0.6451210421853089
delta17_6_keto_PGF1a,Chow control-NGBB,0.2934238832742103,0.6663839107326388
delta17_6_keto_PGF1a,Chow control-Placebo,0.39330163935061535,0.7434360256017729
delta17_6_keto_PGF1a,FMT-FMT_NGBB,0.38445661665475905,0.7379662610710545
delta17_6_keto_PGF1a,FMT-NGBB,0.5360105580693816,0.8609496010440845
delta17_6_keto_PGF1a,FMT-Placebo,0.3283056812468577,0.7018949047346613
delta17_6_keto_PGF1a,FMT_NGBB-NGBB,0.7818140034887688,0.9772242988307859
delta17_6_keto_PGF1a,FMT_NGBB-Placebo,0.9754506745843579,1.0
delta17_6_keto_PGF1a,NGBB-Placebo,1.0,1.0
thromboxane_B2,Chow control-FMT,0.04411764705882353,0.2735294117647059
thromboxane_B2,Chow control-FMT_NGBB,0.7818140034887688,0.9772242988307859
thromboxane_B2,Chow control-NGBB,0.10066768749863966,0.43343032117469854
thromboxane_B2,Chow control-Placebo,0.14856177489186861,0.5197405172895369
thromboxane_B2,FMT-FMT_NGBB,0.05564817019925379,0.316530876362728
thromboxane_B2,FMT-NGBB,0.7242332830568124,0.9513378648758376
thromboxane_B2,FMT-Placebo,0.2854449472096531,0.6653228092856576
thromboxane_B2,FMT_NGBB-NGBB,0.02889808892436385,0.235747567540863
thromboxane_B2,FMT_NGBB-Placebo,0.28145768484462164,0.6653228092856576
thromboxane_B2,NGBB-Placebo,0.2934238832742103,0.6663839107326388
